HASH,STATS,DATE
766e3ef819bba5635973574b40a3ae83444d5fdc85821607551ab01d0b32867106a6a262ed34fb3f3690683c2b395180a75fb2fc4bd179e2ee720eafd0ebb407,ERR,24092022
ad846e125d08aea655361ff4d7ba089f43c2f809dad2719f9781dd9f2d28cf7b8e631d1f726d2894c8822811a764f78d8ae163e2a8f0160c4842cd3066e85418,ERR,24092022
e7d3a8d0ca2639b1b62c7007449bf485e66fbdfe5b1e519e4d3c0d6f2b2ca49d98a5f343e28824580f4bcf1c2586d573e4d7a7b5631ba4f3bb7c8028edc4de97,ERR,24092022
c6e9930619d8905bbd7ed785c0e9d8cd25901400838655d02722b46119e0342467bd1ef18d7d74dd868f5a383069d59b52fd66889b0dd2b2b71633c700773792,ERR,24092022
181df46e0c2c64aeaa59f74c6f569bbaecdbbba984f2f57eeebb90e96dc1f5b9963d4e3c7dcb060dd09f432f089ef8263edee1cb4763b3a9394947699d382bf7,ERR,24092022
9c88253eb0b2df0774201f77a2511bbd9f403c5be8ef31062dcf8b5d9609128974f0206641c97e722c880df46bce448208d04c793a9629993c9a96e337e649a1,ERR,24092022
e58ac3853b42dbf03b96d4318d254208ef287f9f2873908458d63998ad9594d255d3fcbe1787557dc4468fc934f2bac1835fb3e3e1588261139135e63f7b4fbf,ERR,24092022
ca90bb113e7a162894214e1545bf990fc70629d37cf790b68a9835b080261a8821cd24c435f99becff0fe055d7d3c05caf4f8343c44268a08abc4bb28e22abe8,ERR,24092022
68ddf5e3f62a617a97cd1ceafdf16fe981415f7659a902cf7e48714926a2736aa9865dfb6c83411dfdbea3bf04bc1bbb35ffd4a4c50b0c157022d4f8897351fe,ERR,24092022
5eb434458132305bfbfb5446e5e46a1810d89e0783afad0016aebbf044826592f24d51c9c8de7eec1bd532fad6e12d333abe4fbb7e6b7d75585fb591636e3efb,ERR,24092022
d26def54a0e03b5622d661d9d385aa975d10fea17e068608a16bf7fc47e7f610947bc74e43a1e61fa78854f0541908979578bcbf5d9a38fa34bf0ed809a59879,NULL,24092022
4f7f317c41580252134801f920c46d2ee9fee90cf9b00dc23d974c2306b335da45be5a79059c11463e437c1d98376e6d1226c0ed4ae7c7954e61454e57bfd2b4,ERR,24092022
a7336995715d1abf483bf2a34a29491eb69ea5f3e579437ed4b565c7df088fbd9929890c54d4b187a7b2db7a2330a62e7c251071910aa5b942dcc938c24ef01f,ERR,24092022
4752d85c8912440cf6260e6e5c278bbe9087e16abc4955e48f47aefdc1670ed6259d9aada6973a1365c7b9ce9ce1145140538ebb65ccdeb953da8f052d157f90,ERR,24092022
5fde546ef7e57d5abc5c8cbf06699eba64070cf2df2dd3804e4ac2682c10460734301727335a59edce49610a7b07d885aff0ed34fc457029e8a0ce71ccf1bab7,ERR,24092022
42a6b96ea8e54af4fcb0710de98fdfe4df55fa70ea654649a955390524812faabd8ea262c3b5e9a6a816cb92e64d8296b28b6e2ab33267680d3a3b5493d80cda,ERR,24092022
4407e998a33ac774c8ebc797ce7fed786ab607e1961ec8509d9ace73a88b776a9cb38fc2b97c854a2274334386e6d6defe2658f401d6450f03d60c921fe9ae71,ERR,24092022
964c8d194f61f4537b22badfb5caddc15b8cea6a78a7d7cd400dd743701f8093d7662713073a90f0b39e8efa4b286db51ec7391ff7dc53e92992674a1d4f5093,ERR,24092022
939bd6072aa395a4a7228daf2db1ba947c6a6183ea664740aad066a6cd90b8ac35cf6ecf73bab90ffb10c4da7fd63c777369dcbcb778d94a93bd203edfeb99c4,ERR,24092022
1a642c4678fa976076afa038f6a1458a810bbce7240a1df381b1bfe810be67257e105efefd919336b49b08da878a840e829702c67ab09eeb8050ec8e71ecc6ea,ERR,24092022
fc8b573186bfd33ce865c53fb3d76204a4078e5b39cbf76f86c052ede020ad916cab5cfdd902a8215f902086db6a319cf282ae20877cbec92b3457d602abc3f8,ERR,24092022
ed7b620ab60f1a8134bf56cdcecc0b5de2f1236b343a7aa5e0c2173cfd7f9e7f011a60fda931d9830fa2dd4ad01e569786d060037907e2c94d9703e340b09599,ERR,24092022
4a137824dc42f8405ff48d13ed9d1d786eb891849ae7c2adbe02cd6cfd827ca34842e4ec8362d84f2e783a8900b2c900752eacac08123763c5ce563f38d2fa44,ERR,24092022
0f63eca97122c0841c5e5f3d9d8e9f2bb3684431cff56a2252ca00caf1f9bcf29cc81901f0203401d0afb06cbeb350777fa24dfddc8588ebf4bbc334ef430e1a,ERR,24092022
f747c3d1f51f1385e0c305a67dd9852700050045b58435dcd4e792f36a8e8e54a4126222469247839beea1334ec700df8fc7a5064f22af99e401dc1614e49a37,NULL,24092022
a0108aa4ca29df799be5a99ae43928d52fa15339a46fc172042e6b8b0d475cd95126a7dd0629188cd889afa06510ba062c5372065c6b8fc2c06557d8b758b0ee,NULL,24092022
280a215a3e05d571715b58ac7fd973b135ca57b314c1ff453240d88bcb595325b5eb8368fcb891a38965a3dcaf1f8bbf569b79c6ab6c16c9f189a65f3ec9bd21,ERR,24092022
b9654c5d8ab183aa822093ab5fd8cfe161e6f2235219624c54681252ae9da5131fb4d0467f5ce4fe8b51d4901236d07c94355ad572cca961858814e4a613fffb,ERR,24092022
ea4f79b82d1c2ce280ee7f025030d18b5fb0fed9c5832aca6fec69dd6023e2d42243be9e924461d15c70dfd368acffc55edb6664cbcf54d73322b12fc755088b,ERR,24092022
b9af8ab2515fd77ab4d99292ee2c8e4ac58032ef48e56a6e0b93aa9f1050383b9c93c0849f4854d13ad35478b48a71276fd79788ddcccd66e65ddd4ae44800c1,ERR,24092022
afa5d0c7e7b2dbb5e58e07f8fd2e7b43238563091cb3c60b6039f178707a41b67c7d09bc1c0e5f8c3f672b790d41223afc8c6d09b9084331eb0447b370b92c2c,ERR,24092022
f825e315b9998cc832548306523e79209ae2485e9535e764de72bcf3a0079419a83e32b2e367c3b60891d78082e1a2298ede98287b9e9172ab255f4af3371eed,ERR,24092022
71eba05f693209206fe313ea9e8fa2ce9298b9d0c22b3e177c6a22ff3b618e334a5cb6bebf0873820047351e95822e4470ca773855a3c8d39d01ac674a31f66f,ERR,24092022
43eeec7b51e8d0e8730ecbdd79b6139e5122354c990bc9c24697f4041fd77b4ececd96c9dd3d08dc1f229dde40f839ff0aa4d991049bdac965ca45f4ba3f9944,ERR,24092022
b43840f1ca5d4d11342feb2f657a21afa8ecd06a6c2bc543a626ebba37afb44b1c4713446874ce30de9bb0ec3c14350e7e82ac91b1b4e043bc0036b11436530f,ERR,24092022
29e5946afab7e627c40c22013df0dec316be6c9d170e7319a3ff0be02df879b36259d13f877f67b344d30fd14cca3135a76ef6df1827d8e80199627f4f16d90f,ERR,24092022
bb11ca46fb1dfd80885c3dd6ff125e5d3d4dad127288d3e95309d47f888dfe21cfcb3bb8285e958410744d930f0f2bed3545bca8dd89790120f21666928901bf,ERR,24092022
7a60a8ea0df59a3c5bc86004d8087642fb5db394d6d1dbb0bf5be2222a57937f6b3f7380aa7997029665e4f0084d3d8796f30ce4a925523c2a14691db82b538b,ERR,24092022
9c8de7f10fa7265dddd8145d5dbdb07de6c1d916b9a528bd0147eab28e384b7126c0a357b97cf2a8bf658eabb34c92497b811a46103d778cede89b9b11538aee,ERR,24092022
dc30a8ea721215dcf319209ab2b61af35ba32257197d0c1ef409dd508f35e3fd72f03a870377241ace6c83f0e14ff701ce1cf3d7729ed93f46108281908e231b,ERR,24092022
62682fb94e98c21687522bb4b2da9493436238e96fd7c90bbb46175ad3a69a4b3c8e018213cb91303cbdbcd41350949e9078d96115d379191bf87995511cd374,ERR,24092022
9a1b2e085296e8fc073e2ca3fb84793a4014b84f8ed6624403c1a173a902567ba880ef6bc54aa4cab094ce6bc7ffe2e4b4bad693870307823ea86934f95635cf,ERR,24092022
f8fd77c7498dfcdd6efa578b2ae5c1a7b13f2cee128203050b063cca8af7dd85d8528959681ae9fc52e8cb9645a99b43490a48334a6b38a857648636d26a1a97,ERR,24092022
6061179f0654f2c5caa7caa801ac86bc5826faa045f7fe999fc7184ba45692a06ac4ebee61e5957fd627d2b062032929a8dc2db88220a715cafd19cdda78bfe8,ERR,24092022
420092868755f2701504b79d3679e2f6539aacac2080c184dfc72b57acbdcade15ec4b331bc7f80a7681884102dedf2a2c6f28758dbfc192e5cf0e3859c68788,ERR,24092022
f8161b57afa053983ccaafc7363f46977a1d91c704bd52288873c61b97378576719d380ecaca0f557981b0d0e3cd03c0d1aeeafea37d3b7bc9860d5b0235a415,ERR,24092022
22506c587d962b0629f3b7c50abb9cd71d60ea7d887a66854739a864eddc82158a65373e9af0587215e3fa69f781f415d7443810d6d9b73cb4bbd0cf27c7b570,ERR,24092022
5454d2a7aa3b239e92c5c365d220cce0afc926062c5b82e0244496e64bf2f83df6a44ec427e21c373200d081e32c49183350f01cbe32f2a88c6e458c1849e38f,ERR,24092022
0ae57d9c303f03d1713dc5611e5eef6cdb3edfdb887afeca899f80b52fb331c5c8727ddab130391c3de8d1d5e2e47020391bc39128f18fcd8d98827716262dbc,ERR,24092022
0f99c323b79d002a3a0650d276a36d49cfd32a96bfba064f005fe1bcf8003cd727fb8f0e43dc543f33fa457e215fcac8d71ffbda2da015d7cad56bf542df4bf5,ERR,24092022
c69a3b9d19c79562a0bb635c8e95feb019a32c7f65c7a1fa80c41f00b95b9db27aa9ca8ad6e2091719f54b673cfad144bf3f70053cd5597b6826db5231cef757,ERR,24092022
4fc9cdb38edd54e5ddddb05fba3aabb33d8499e0fbad9f35b5694ea80ef1359c274c63a737ea4e2a8cba142f1635df51f621967d02698cb9b62720dd77d28e16,ERR,24092022
528b181dc0e9ff46a42fa2e3d0e986ec5b02ede2692d1453f16c36a95b7d84bbf19a33311ff85f94609c2ef73f66b231beda78133a57ed66fd2414b4c014658d,ERR,24092022
faed9157f129709ab7ae1c5b09d96fcdab9a5d20aa715b87ddb538f216289aeac4bd196f6a6914fe3b983e6698bb19c8bc8af2f4a2a96215cc42e774d3721f7a,ERR,24092022
0212fc77b9a44a366edec93465acccbab04067893a80fb3af05f4b31e78dcfc215969e0343eea2a96e3121d3ba573dae992f3fe42d4b92c36b0a72905594684e,ERR,24092022
18b595e82c95df9938d982048a2f8b42156ab540e8140e3557a0e2f2c41e235b07835fb7b975884dd1cbbd8161d8b02d6d076d5aad2efc5f54e07a93f73d4721,ERR,24092022
4d6a13b07eef7004bd2c4c1191c6ed29c76b07c0ed5880beeb9de14569e88707770cf848c1b675fe4f2ca118e8f9cb8aebb43ffa5b0b3d7ba974f434683f3967,ERR,24092022
62cd171539230fd2322f915eb2bcd13edf2ba54612ef8eb93e61d315705313f4b9c16d3b1dd0c5fe0e93b65e147ae715b65b260b324ff5a9ce656af3463bebc9,ERR,24092022
60c22c51328e2ce473306cd410bb79c57b9b9f6b251f4aed369840603efb89c186eb304cebe2da19db6b61c141d390be7436b0663c31c49f9d303a3b465ba9dc,ERR,24092022
246e4e7eaee53b932715d84883190b528160a62825ebdbc39d52c31e6521ba8d512360111c3b254ac34dc32f34c7560f3e07136f15022bb9bebb1dc93adb56ab,ERR,24092022
90013d021112b0a944d2330caaa03901d0ad0451e7b09f8035c084bfcc8f045d6be29cd033464bcd0e786ef59e9c54c59cadda90d7863751cdab2407b75218bf,ERR,24092022
814c878045e639eaaf829daca268192a8ca4d0e925b43bfcb856580eb7dc83b0fc978300d7a80a244cc7253dd19e49e83ace27c2021e361286562868ca41869f,ERR,24092022
c85a48230bb750cc061c3f1e2b404f6b2fa4f2e031b5121941362736418fc8eaf94f2115f47edc08be2c2e8982d7dac15a88a01ca76318bae6d9ad142478aff7,NULL,24092022
fe05c1565f61b79f7b703e79e47cd16c55274e75137d3a8a4b1fa5be41b183fd475343bd28029a64ed16e9824eb9af188c536479564d8336855568a92538055f,ERR,24092022
89b092bd54e781d0f1f1e83d78b25473dae0ffcbf958bd51cb032a3bde7b9ede233f7714d3c3c58e4d65cbf640bd7b2acd998476db1b43dd50124a43f2456842,ERR,24092022
844a51333b8ee057af74d3609636d6d5d58a3ff0cc1cdc5eb4f61fa63673fcb3530c13e3cf924a85ed2f6e5f257059c2741026b1b5235e98d6f4ba82f940f1d2,ERR,24092022
915e9512ddac8de918b68e38c946b80efdfce9ba560c01c1ffc90b90d2b1b39011574b101bb9fbb4d608bd679189f596f4aebffedc5b6528f5a10268ac9cd5f3,ERR,24092022
777992ea203ddeb3b7591b5cca630effd638433ba3139d365b1bdb940ff4b138cbcd3646675f33ac316422552524467a93bd69b538318869422452b3e926b43a,ERR,24092022
56e7619ba954c712f442ea80e25a3d3bf37b8e125e35f97e855ca2e3a65b75c83afbc7526bf0d0231baeed04c35882f0a90b3380393d4248d373a4d75379e374,ERR,24092022
e490aa47174a74ba0d8dd0e74a4f2c68d26583c4979133bf6c6a15a3736c837ab66c75fc09291e386e7f2781af3b9811cd5dc776ab65d63498e70a69d319641c,ERR,24092022
953d9e7cade672f63028b1465b67c65d36655d9d61acf2612ebb5f7021796300172e60f203ff65c45a0f969e3b178b77781ab63e4ad19b2ed193adf7a44fef53,ERR,24092022
f1cc5ccbc4355db73a43be7ff2f2a6733f36ff29640aff83f9224443abd6c25c0c0355267f7b4a74f13487277d2bb9c97e30bdb64936f4f829689d7882a3f41b,ERR,24092022
95d745b7df9ba1259d8844b2bdcf95242ab3b9d049908c6f500079bc09a11eec6989295f75134ab57fba8649599e85e2e0236c2c62bab228b63e9fb767aad889,ERR,24092022
b104c59a31745fc6aab443e803c8fed0d4ee4961b122b3a8fbb23bb111c483e656c83d10fa4cf677247fd94c51d729c4bb67d67ea3df13d83076cad8e53e8982,ERR,24092022
0202c98aec6be936bd25b0cd7a3bd4f15234b7a91203c2485baaee4804845d83be89f6771c9c8729de4462693ef7c91abc8d1bf89b86b2df162e39c7fc069f5b,ERR,24092022
db4f5e49e766f37063f4cdc5c3fbe27b6d7b0b03b4a7d7ab4befcd62cea5670af9e0b9e756406bffca11de6bcb61b39d5702a9060317e2192a3ccdb40e14fddb,ERR,24092022
cc37fe0b3265c3eb45bf5edb5cd90a46cec457fd4aff7e1a667797ad786a8408d3d389fb7cdd6b66d4e447ed65d5d825b1a7ee492d0618899dc4dc5f24ab1b85,ERR,24092022
2afa31406304c0d054183c5f3dcb8ebb151721bb20a2f6f3fa1881079bc9ef161117ac7c4386dde9276d1e88e9ac07b1f6caef1b11c27be74f612e8beeba1f80,ERR,24092022
cdc6ef83d1f74885a10c7e73693c53eb2ac2cef47f3c861697c5b6726e67f5968763482ede93b14d621a2b894df1b81aff697c29123fe94cc006bb64aabe2733,ERR,24092022
4bcf4bbe656853c3b6eca294b3a30cba2530846bff3466174029b68373f13fb6b23437cf33cda0ec6b03718e0308670f157c4b48a762e10d2af0bd6feb7b524b,ERR,24092022
f133241c4f0a100807ad9f04043a0ef07b010032dfd3381dc35f21ed4fe7971eec20c8b8ffe6779780199fb32d2f4139306a8e8893e18fab9a5c543f4220f103,ERR,24092022
8c9e85b3cde087a2fd4e9cb428de1d96adc4070927270480d411ce9cee9b6c83fe4a941393b7a7e68d0dc4d4a7f5befea8301a206f7c39bf49cc036fbb43d0d3,ERR,24092022
320c3c6fa649cef1b98631934de0f9a0ab63fc658b03a82c5f0d042a3bf1ea28d4830fa6c0ecf745eca8b6b62c1725a39d2d27f17020f5758f3ca8c9947fb799,ERR,24092022
8f50ebfafba8fec1dbe1b5ed9b7aaee905d69b871e5b34ec09a7c32dc823e2418274861e148c81890c41ed95ea1370bea20f40d083ee48c6f780d4d5c84f866a,ERR,24092022
79fe675aabdf933fed853b557f4ced884202b86dd0e6a9cfecf486d0f609186c9cf22e53edda86ba7d8ed53024321acaaa5340516117835ec72908599a6e0c92,ERR,24092022
38b0dee96ba194415efa771f774b5e0e20c489bf902e5a17c41e54d90d9fe3274fefc1fb46855bffccd9f1ac22532febcf10584101d24777c8dd76758eed65a1,ERR,24092022
cff52805885c73d1a9c8b5e276923ce6c068bce4b726b4fff3315767a2206bdb44a93a9ef842599f0a0e89eb99036ead40a68919898736652975f0b52647329b,ERR,24092022
c87c62d82c2ef25e8f3434667b4aa8c678cd2dcff608b806d010c51d2910215c43d79c232e12bd50131a0930219ba371bd1f2d96327ce896ff2dea08f3068c02,ERR,24092022
8053ab5d1963842477f434db482bd468e434904920fbbe77571461f2aab4f138717594777ee17af0b43df6bcccfc2f44bcedb197c71ec3139d9d24e63a0a68bb,ERR,24092022
266ada8ec6f4aee64bd7d964867d4e638561a5e85b23b9ed80f5e608af368ed6295926c63f7d0c35d114246827aa25ee0b27fead660325b791ee5f2edda0dc59,ERR,24092022
096da74103b0e33c8097b3f263c8c5d8f5724d8e502cf846ae97b205dedf883ed510d5ed0006b73571520c4454fd9124bd438fe9cc73d964ba07d5c670b95908,ERR,24092022
45e9bce8dfa2c6fb3526ceeeb08261accc5683041664cb9a7e1e598d55b09c6e80f90b4c0d4e0c2dd1c0ece7e9e34571640f2e52f41b41a7771342b228eb53af,ERR,24092022
d88bc11d39343f5697f3c04bae62299280bdf4e19c761b35b14c20aa0172c51dc6f71c64960733a55087629e7b173604167beaf9fa565d5d6f1ba7b945b10fa6,ERR,24092022
e6a54f77f0cc155207b5534f781f34b47268adca71ecd4e20bc39516f8bb9151d64ab9bd3fb5f2260639769b102227a8ace0d42eb3ff9479bbed61643ae8cac5,ERR,24092022
8317b4b07e5fb04e111698952842302b62e75f0699b5465fb0bcca14230efa890abc56211f0a316ba0dbbfb53fd58e90d6af993d0cd3d5eb7989545b043f9498,ERR,24092022
52eb0965b999aeb62049a50f8f9c08a92fcceface5737d511c51af2e0f83752c45ab22d51806a1f20b78b9688eae203957f6a9e5404bc12af0da61ddaad455c7,ERR,24092022
9a386bec3c5375a6a2e02247d6f8b37f9d47b40d5b1b5abee0e04c9f378576048d3c69981f52d23883966a3b6329185738c1b4e78a312dc1fdb3dd2e59041e68,ERR,24092022
9912dcdc1ec57d19cc71b94d81f461137e50e6e097ac701598041e60a390243f04a68157a44d3211c4484d5a3552eeb0210e5b9f2e8b3daabe33ce972ba3be0d,ERR,24092022
df092ad251ea81b1cf5dcad13a6974a9760abb0ffbbfbdccfcbd4eb1e7c3da34003504b71d12f8efe97c5cab7dae83592a3d6e26056c6a41e666c9ef1affb0d9,ERR,24092022
c74feae85841aef9fdebab47a0babf6b3c8228f056de15e5932504ccbe249f48010d632aba93ce0467ffba192c2a24795c146fdfdb1afe3dc87cec09b767c50f,ERR,24092022
4f08ad4c60ce900a0feed67e12993b856d3da8b5b63d99e8477f92cb3dce87bf7f92d75f57254c54c492954173e06170d85f328eb061ed84a3bd14186cd10137,ERR,24092022
0ae3ef7bc0444e2dcc53491a50d3d012d984ff6e36128e8f3a48601ec74956231a489379be80133a9b462d162250d40978657a4e16591286ba0d7ee4ed0f8f65,ERR,24092022
6bb626b998b04f34db0acfecd010887a5220f0b590d67335dc71b10b2d814989d77923b83f16cc30d56b60f1b0523d908c96c4c66490c826dbfe51b472ae97f4,ERR,24092022
1d6e4515ea6cfb6c70712f571cb4ccc911a09a5a163ad69d6b220435a37c75e683e88a21f32a6e939126849cf8d0f42e1dd396495f5d1638125b042df7db62e4,ERR,24092022
c056f8a6ab236a06e90a7aaf6353c95b41da691e5aae4bb8d8fe0d90e423aea0480928f8a2a8e654d856a1af5c5b38b487d5cc2ce038e5b99cda0b0750ab0689,ERR,24092022
eda3d1605fc8294381eadb93c717a1467bf8f0ced8d8d29e5cc2f447a0da7217f70f58a4c4f8bb04d0fde803070be9bfd6703ebf58d1079d84b5cfbabda22a84,ERR,24092022
7411dfbe1cbca8294ac8e8378472b41d23257a2787aa34e10d68623ef2c0c296dd80980b101ccfae7fbd6af1c769b27725c6f24fbd9d1b3bedf40c29d3f064ef,ERR,24092022
17e1386ea4a1f85f59f4c9f27c1a0d9684bcfcf88990fce69c57ae05f254f5b3372c86709984aeed00b4a20633fc20f1727249a54451c22925c06fd51660f8b2,ERR,24092022
7d3c35158aff5daf07ffe8225e3843a01ae83932352fe4109e3a0f76aefea5a552e6c97e43d113fe7bc894ce1b2b75f46fa59907c3d50546ca1c1004cb9fd7f9,ERR,24092022
d60780aa5154a8f1ec8f10765d81814512f692d04c671f3ef0f80f6c1b9c9b4fb597dc4e355a55e56104b9c6e946cf583259b3eb415ab8c976b674b470d36022,ERR,24092022
b505c7819cdcf5f729d9aa541385a0d913bc18221e8246b17e55042fffcd2673eaa650e871a23df60f4562132d0c5cb5f06e6e46537e362d05c5a1cef4b05d9b,ERR,24092022
61108d542920fd28621c01e40df12d778b4b687cc7eedd1f323ecc334f6f06ededf71c7d95359567dde57c49b67ef924affdf7c5615806fd7df923e76cd60f6c,ERR,24092022
d61e506470466d419e30687a60f2c7f9d1aaeb6fd8670dce1d5867ff739f96c9a01654026bf07af0d13f6a588bfa26d93dba97649c81f5f0a9f590a98625b784,ERR,24092022
7511cd169d615f4c28a89f8362c33db8fc5796ef66ee03923e65384434397b03059d7827cb135e8617d42c1ba86df2339327cf681e3688cdf49f2e48d333362f,ERR,24092022
e28c73e860f7180c00160f669442109c7e16f9ab2b6069b7ad679b5d5ffa884bbcff035be52e74867ddcc7c83916dd6f3690336ac98275f75a1adf1b92085a05,ERR,24092022
dbf4ced5d88fd35946e694ed92ac64ba40973810cba57e09b21437e27c25a7874729c4662eaf6bd653219f9246662e9261163a1655283ae31f8eeb9e320e0052,ERR,24092022
c84a7022046e64efd94db7de9524d64c7aa5480a7b4fbacc33c20136e60dc50f8be368435b66c57e932ce9f9007483f5ddc98c597a7ecc7544efed14b6bba0ac,ERR,24092022
b845deb15981b2a910d5c61d0771a8e0bc63df8a96ff4b91e4bfcaff28de62b8a1030a8dd4579bd12ebcdafd8bd49c7f2f38ef1a0a31d315e7d82ba8aa3c19f8,ERR,24092022
c2047dcb5978774d2e43557dce749126580d15d720f883ec5fdf7cf9cd0806beebc3f16743a565118db6acff52ba396d5b3fe4847a4df760a6c8567ab22e2c9f,ERR,24092022
b1be2e6c8cb4acc77c158743baf8284641155fc2b2fb328a6908356739e5f1b8566d7c3c41c14c142ac2014a79c9362448757862a4058af380b6c02851c0a03d,ERR,24092022
f85cf7fe52dbf9decc8089827eb7aa885f458af595ccd7c9a5f64a6357dc1ac6602b175415220c92183932f7c4f0c5f04b318649e66e496422c70dbd588d40d5,ERR,24092022
f8bf1d2aeef015d1158a8204baff1df0017b1228726886d481ddab3a0ffa2918f0a89b00c68522f5f38adca86fba4ba928557ab628b7974d3f1e305fad3b7d75,ERR,24092022
42541f968fdb94f4293bec94a76ebbf79d0a47893e5845ec5573069eaaad43e6f3309ec38491b5712065082ffe4df571907c8d1908e9671f0da67e08175206aa,ERR,24092022
179a4d62bdbb91862461d68297704ad8a3395fb8c29b84b7573ec89b5e39f8b038abe6b61b73e84e426d2e5d3bd4be74401124582113a59394154115e8ee4aac,ERR,24092022
e717431fa0400dd3940a83b23ce71a80dc95c0fec858a06ab2101e0cb66a67d10c700fb3706d12245f0cb433c2ed2e7b9b95940c60cf5d3cee314c460c9baed4,ERR,24092022
c1979f69dca5ab37b0a8cb49a5ef7acbcd75e8212af78ecfd0c5ac0db0a7d9ca24405469836787d4dc9af1fbef4c68b37a93881c7ecaa92e0267e0b9a39358aa,ERR,24092022
fad169996c84e1f92a2455b9086578f0f051e2d838bca5a22128957bf5d2ec0c77b06c92cad9f84adc0a90dba7c770d46165ed1fc84717b3d3b02fbc1c670aef,ERR,24092022
aef237d3a66cdb9c45bc66caa5cf0a22c81386678914118fb80844d47255583bbd5f49d21078644c5a19347fad01a1e7003cafeb3bd4ea0c7aac83cb557f95c6,ERR,24092022
c162360dd9a82d8f4f4b66ceed4ab4f1244dcf172396cd4fe8dcd11e4d1144673df77026fbae922eb488059e3543789877e5ec68e7a8b3c69c8318848d19d48f,ERR,24092022
7a02ec3b3192797b6e748351318f2527deb323c2135b651d598db9b210e526c4a00605d86d76a8ca3d2462ef999f97b9f7b5c9ee8ab00a852b3678c099842a3a,ERR,24092022
5c8fa09a78b6b3843bfa9e881404234745e26169192afbf3aa19b9405042e9da1a5e7ae823e7ed8e982a30591e20f54e5b9c199efd7ba92248f345a3dfa7d9d1,ERR,24092022
938a8b11859f8ffa6e2958f57d25de49c9f2a20015403e11c180faa945cfaabbdf3c3dceaeec8d37ca0b56995fe43f81be46e4b248d30a0475eba33c08cb52bb,ERR,24092022
556974e33ab06fec117443997aa4f1d599925be816db2cf583f131e0043191d0400ec6d671277d468a1ebcbd071abb4e644551a635ba63a6751422fc79c6b3d9,ERR,24092022
6ccef41b17cf7bfff8419180bd3e8744e93fc397cb31442c3559f601e1fdcbb2875be777930eb3434f1c1f9a81133ef78b2262c3046e7779df3aa20c4eaa86c5,ERR,24092022
c0a1373b1a45b118e38081da4249d1fe4364068f864060b18c734c5b5e831fa658e1b2edef10c74f93c6ac68059173ee5cf6089f133843be6925b05c0cf48f20,NULL,24092022
4e3f8305958f22a7ef405ec7f092bf7f52d939d6794f1d1dec7da981969a0dbd1e1f5eeb51282638d767ad1c650ed77ebdc257ac230197e228a3e39a91b0e6f6,ERR,24092022
1dee1ed6262f3ec44eb7016743cab8cf578b37d82e18485ee2c3a7e71cc3cd1ba2678b763dc0c2e544ab4fe0412c67a188589bb198aa2558c3f26a8ac2a9b84b,ERR,24092022
dd6610e5bf985413db826973442081141cec7757272ee6b60126bf9192fc8f6bf4dd25630e35fe4cba42b76b00240e67f15a8b2e2275ae1d199746916c7d6cb7,ERR,24092022
d81cc6544258a531a0f112597d5ac549daea6378c581ea18f7fbd7747c744eedc856da088c4d9ae2bff76e71710e7f50c56390081c48aa0acd2779eb7e434bb0,ERR,24092022
173d4878e7aa932e7d9af4ec3324dd09027ebc7ea84e8d5a2980205fddc385824bbd09706371394d23b5619870af2a4fd9115d0e3d7d6cd2af3b9bbcd6322f3a,ERR,24092022
650a9998f76b108aae332f8ec399aafcb517e9b6b99a305f421da34787f417d51fd97d41481152c6b9fca3468bcf4c02c187d76c5e41e89f5db75e64393067d6,ERR,24092022
e493bdc6e49d94d8b8a313a54e86c1b3638643dc62c1724bf5e03d24492e448eec89263b589edd789a508abab56f49b4c597cc02aaae468aee16a2fa5d6d17be,ERR,24092022
5b32091f22de112976c64e6866ce3056c07c0c3343072303fdcb18d24408084e58f6aa177e6e789a70972d116cbe539ece0da21959c77335b26cee4abe015505,ERR,24092022
64b90a54632348ce12f69842e86b0145cdbee290dcaba4cb986b57b031e2725f274abbc9141d013449f5b7b499c7077baaf9b5c998482e50d2331f2964a02235,ERR,24092022
454b835d334dae67f31cf157028ad4d00de05cf3f872fa0ad19529c975d1a6d18ac6b633d61ab3665f74e4332849b8afd80a6cd195550d274b7b22d012221e47,ERR,24092022
a684b63448c2113b4b5d4aac980ee2bcc1d9286568398ea3a8b0479b9e0511d939963d1031499c609b29cdac80697a44220c9a257314829a51b79aa707d9847c,ERR,24092022
3976a9539d19f738e4b5b18d27f84703dbf7286f8f455f5307abd16f1ff817027452c330686b7c0a1f92e3f6173a2d526503584b636f54c432650d6cd58429c3,ERR,24092022
28ffe8e63cc3ca044d753b1e5811ec1c5882825a00cbfc8fc5a77ba1b15a1625ea30e6934bcf75df1f895e68abc51396cac617e745f12cb84254f03037ef5712,ERR,24092022
8c24db1aa8e8b5470588197688d1c05764d57bc08673fc136c4e31f02e11b83a062c16ad2596cafacb073a84e58075b3d9352af697da1eff0332e036289df3ec,ERR,24092022
1ef56aadcdd3f8690bd581e4f7e82035468d1ce06be9a03ce5150076aeb95499e45f3d38119943a70e2caeddbe81735d78bd5645c4cd7e400502eb963ed651d1,ERR,24092022
baf4e4d6d20f4ed05a4782ac4e5cd8cfd5c9649fbad317745343ee9d98e1d016722f8a0fb59af58be51a22ac08c329681edc9aaac584d3c4d5ff6847c86c3a07,ERR,24092022
cc82a5b73ab9cbe3c4806c8fa9c57eb51d6d92ed9ec847947b0e2e45b5cf20c2f22a6375870cf27b9f45d085ecaaf70ee008c909cf50a91c2900e167e73f7cae,ERR,24092022
c1e25c68aecc35b732522e9cae2b6a4158229e5efbacef5427960a59a6338085a4164bb35620feddaf773a8389b6bcf41f55d873cfc24db7324499e223f25956,ERR,24092022
238611b08ca922f1084604db5da976ad162aeba9620a352720c6c354eaf7f20d350e8852000dda5d7c8d43c3813298cc237e6251054000fbd562ad4d219e52ac,ERR,24092022
2fb48c78635fa8c64dc957d82f593bc9ae402db5b6545ec784e39937b91aefa16c73af6218a1a79c1109892bb6b221ce33d0d9b67ab09e9fc80418eb5937011e,ERR,24092022
91aa58695eb64d1213960c71f645a681701b161f7b22169f02883b8576fbb33244ce20705acd61b9d07e9ce433bf3581ea53ac2bf3a39b1525c568679caf6f90,ERR,24092022
fa9f7faea779377753e40703f3c7aa68cbf9f3688d18e92272e7e2f4a0eb9e3cf1f57d947e93715687196e5d8fb54e2ccb8b48f85cd53c439b45ebc0c1809ad1,ERR,24092022
f8b27b7e2f829a64f9b6264fe0c6771a2fe4c1efc3f4f58197cde9dd675382f9b844d1073a0684bfa515001016fc3bf721e2c7c93fe2d46c27e39521abd7cba8,ERR,24092022
3989e726490bbb5a958f2f5b721dec2bea02d58f9718db2206529adc1a865e00f192755ee28bed37e7e3990b5574d168e57cb0d2be568266c9e6ddefc8ebacc8,ERR,24092022
7cda008e7657a385b0311d3f2a35255c9058324e4252dbe12fc23ad688a23e40bdc1a6581bd3f1553ef01171338a49f089df1a95391bb3779be1f8ca5e8a67bc,ERR,24092022
841331b404cf65060a191bfa127894d932cd9b444faf599b5352040167c2b31527646ed232774f82447a3d6f1bee5a73e22ec1df31db19c4e6de6f52008a1d2c,ERR,24092022
a08a4898d727fafab3bc900ccca7677b812f9a5445fcfa9a22c4157427e0cdc13c783cec45c6c4343fdf7123976cb7e633f60fad616abfbea748f6b56c95dbc3,ERR,24092022
cf2a7715291b6bcaf84a7dbfec4140c504a2be249614fb9b974a68e03a09aaf4fc960c66cbdf3094a3ea113f0c4d274a1211cce27a5a27137e2112ad38a17809,ERR,24092022
6d09fb35ccc63f9be7c6f7ec1ea5d06c59c19304d23a0724d48e5968551fd24f6209f7aec4c79a30a00d504dd606d660e5de4231fa51e55a0112bb7bdc2f9aaa,ERR,24092022
74b9c79a7e939db668ffd96272567b0426e82894f3fad3c9a5839eb1a6a80999eb4ddb16f5409abaac9fc2294f6c2dd233a203961cf0e5fdc72ddce785f34483,NULL,24092022
88b5b0f3296cc9481519dfe7e4757716eac9157606dd4d2f02b6ddb03843b7a29737993356a97cbc04293d30fdef331ee6bc99dd0ebdf5d07c599db3f15b808d,ERR,24092022
538cdb5d1e2698d98447fc9082ff184542574f5008b43e3370b3ce79130c77d0c2fa6095c89813b5b55f52422ceb10758e31a440a38f73f636389b484789fc54,ERR,24092022
7e5bf238930c785781debee76be51abdc0b4a3956532aa7efa55575ccb77b96bf435b8661294dc1e41bdfeeac663e3b314dcf0037bf9a9ac2ec3a0de03a50d7c,ERR,24092022
418c2a3603f3faef717a2ef704b9f1b69584ae5bdb9e34d67c8b7411c52f33784ef4aa4753a137a7fe1f4bbe6b5926ccb62d98eb3444e47d626332afe53c052d,ERR,24092022
2ef208347bcea3bb45e5a4dd520d7a9ba1343fbcd9a7e739b4b17f9fa784619d6636716bf53180f7417298fccaa571eb9a4bf4602dc391540eb29de6e13be0dd,ERR,24092022
24b0d04190af088f938a908b342d15b0a57f30dde89d4498763912da15985a4734185a232c040536c9e00ced3126248e2c617759d82d2c73d804fe201498a183,ERR,24092022
856cf407740a6c7101227fee488bd2787402ecfa24e7baa8bcf798cb2129befb2f645e955595dea934ec37eaa3cc60cddd5c54c69f6972c5285169ff4b7ffab0,ERR,24092022
87b411b0b36bdce40c79317ce83cff777edc50838c56a8875c8995bb914f3b13e4f58a9a0cd3b7114efda83f66bfa64546b69f316d801fdaf8d5e7165f60a334,ERR,24092022
35a8f7955b9c0b213dcc5636686078b5a2ed05140767e8d96907167db1b0f8f5a26bc240f6b202aa9598f339b3b001902ee06446c7f81176d53c42a799a47b5b,ERR,24092022
7d9a5c88cc60b018507308a0845028feefd3f23f83f3428998a42e2cb00ffabe6352d2d9b8c4ea7b950d9d0f0d6dde91844c05a137e02e688ce9a9f1abfc012a,ERR,24092022
11659ed233337281d3b851e963ece4a20a4b97998bea12e5d552d56a707a5e734bfee8c3a2e497f4aa7cf9849df8cf26d0ac61173ec87ac25432235334bda34e,ERR,24092022
4772250c47de26ef1856469da959604c7ad2977d6bbbec8afcf14566fd7bf7908793b7b4f997af3c7c7b5dddeac727293564834079ab939a0fc06e856c665699,ERR,24092022
bd2ce12c9a7a84012fdec9b85ca572b3ccde0b7242112187596038f387e295367540c4c37385988de9671e949188dd6fd9bd9f6eee9be749b62e25ea75d00d34,ERR,24092022
63a77be87ce531460c24cdf37fab2bc9dd1ba06543f2b010699e67937b389b758df405662d820860f54b392f7ba80936c485279e2abd895b832985ff7cc37cb2,ERR,24092022
46501afffa602b946476d70605a8006b54a1a6350f61ed7f8082949ff5b6c27573633e5802a98e63877e16d9d288ca14e75b5bf788423adae77eec064258a907,ERR,24092022
87a97b8e3e6719ddb82e213f0c74c2687619e0e7121489270f9537a74514eb09448d43661d8a734adab24a8c5740a6731006c170a7ef80021da242a2b1923a0f,ERR,24092022
1878736f477602545ba4524470001ff1a68039a4a8adf16b4f27d1e5ff05366e9fd024710fff29cc590055a3d6f861854171de6d29d3a000f1a0467398bfc084,ERR,24092022
c17b9b289440e27f01582357bc95606539bdb4df9e0e608a6319761d4c3d18bc7ab537b8bff1d39291b903761d74db943a3166ae541f46626f65eb0a5ba482f5,NULL,24092022
4b17621bb95cb79a4255e77e9fc26c51b5149ce467ea45fea58ebd8e3495672faa62edb4e78488701e89d3f5d13eefa8e64be253e6b0cada39e04eadccc762be,ERR,24092022
b2c868586c83b44548eadb5485e675061009930a08711c28b360a9215565a25c6d4567747ed3005bd184b65d47a78238fa7920bab776febcd80b8a8347cf64cd,ERR,24092022
79bd16da3a95bd5c80f7e5654dbc3f8b774ec5514dc5e6e6dd44404fa4eb884f3d5493e110fa32a346e54bcfedb322073b58d334a55c9d9119f15915e32100a2,ERR,24092022
e7d5ed6fe9a5d06215a5e8190f003262454311205bda891af8baf35192d9b5786ecdfcd69378de672b9c5c023fcdc3ab599b9219c8232a6bd21823f784c7aeec,ERR,24092022
d4183d3486f00416d641ea600c073cf91495d4aa947b4c8489fd9b91c2150371692f234c1e4a9ab3532191c1f63eb8c74504bd1355d62a06a1d7d13f7077e4be,ERR,24092022
ff95caeb4412138373d7744f14729afa5bcd840d0d3d05b53fffe5657996c6b28e1cf9e5ac5301da1bb6d7217c5897512aba9ad089802f16d2e7c80bc313eab2,ERR,24092022
c08194e451a7a5beed7747e8f6e2c3627cf0e90c8ab2f793762386a057e055b2a7df23b57d4cc711180ff72e1127608e1056682539cebf7f4b9833064ff4649a,ERR,24092022
d0f7b6e37f7df0ef1b3e8e52d0ddcd0f79eff6fcff780540127745b7d43967299a1efb21afc5e347270e11a1d8a728319ca5e1cb21a8598b1219b540fa6c5724,ERR,24092022
8eeb0dad829dfd01814b28e5d704fae4b961b909e907ce013ace3229cbffd7885c778128df69e2d94212d4c936e346cdb8e0876e3102f490e3939ce2e6358430,ERR,24092022
60cb0f9e61a34fb49f41b89f176631c786263f7f30a659bfbec057d9f9b1001e10adc5312f399a6143669a174876a53a8f5e540716efb042e8a7843e77cfd7a8,ERR,24092022
80292513f17ca6f915f049c18b69b6025e9064c3ef6d36af18ff623e9bb351846e866ba214c2322cba4850ecefbc3688de21876d7c917938822d16df2fc087f3,ERR,24092022
eb81a423761178db272ba13edeb90f942ae739e5fb7712fe769ed238765eb9df8f4844c207826709fa6f3d3066efcfc4c0822e79a050edac4e8add6b4ba00706,ERR,24092022
a9fdfa40519dc96ac58d3fd859ef4476b5f2addbc432206bc4f383330be5c405180ea03547a653294ce7ab094af8ef76206b1fb1418ed82f3e3057cdad9677db,ERR,24092022
c7c6d9cf67e7ffdc0f9e13cdcf86c8a1a9bef07b16a5bd76467ed680cb4b85d58cce81590d64661ff92ad1d0940e97c0d26cb83d0896cfce3d9b27c8158ca581,ERR,24092022
071e856e592cf00988884e07a6454f8a6894a9175a55acb790154be78fa37d16e916b5a16561cd537a0da69c68355f7ebcc073a9475fca33a2e3a7e0e6e3b802,ERR,24092022
247ad4fd3c77a5e2a4eb790e13128700c297610eb5523c9dbdfb30c9b8ea3f0d48b795d0d349279c471e6ddeaad628ed8dc9aa2a2ce6c1afe9482d60d696df7a,ERR,24092022
8bcf193289e13ad08ac5b62c5e0231284709ebf1453b8d44ef2c006679fb8afca7f1c95fcacb0089b4488b049ab61fb7fbdef206a8c173f5bbf1287b7d2832df,ERR,24092022
29d19a6057f19496e2801cda690a56d5a0460a1d8770121fefef143d7974bb606614df869723a9a048c2d324b0ce741708e4594ae300bc1c4c8425354f3b6759,ERR,24092022
d577f4b84be4a0d4ca1380108c300a21620fa68dcd1a51a963e59c546612af190a66a0f740ff4be0011346dfc039d5d42baa2ce264edb28ed58e09079e3f3eac,ERR,24092022
2cfb1eccb1efdccd361d0acb22ffe9717023d558a28d159a53ca2280d6a734655c2af9b7b258b0550dac1a94babc2009a680f57592fe88a3f2202fbade824667,ERR,24092022
f008edc60bfeee36c113420ad681eb77c35b5e8b5dc7605681ab701766e580088619b683e41d2da313d0c88229813af019e987315d71549ed7a55c1c4bd89b91,NULL,24092022
dc23f3d2d4c1a1f2df22881c75f8349e4426f4b068739ee04cd1bb204c98055efe46c2d72f1c29ff6db575898e48a395cc6be097dcf6a4bf5380f030e8b16ad5,ERR,24092022
f6ea4f37198c2f113fd4fdc77674bd7aa7e69b313e3e6d47be9629bb12d2c21eeefaac0e46033b9dcff8c38d5782c94643a9ac82e63f68505565fd7483710914,ERR,24092022
7d895f2dac467b332a20082065eb3b140e88db703cddc53f8d5d992184e7c733abaa33b7cde413c9f3dd333c83d298cedecc6aae08ada1ea1fa39f8cf2a256ce,ERR,24092022
f93f429afbedd5c00fa28f2d66acba9b594265a95e77efc966bf046ec7f55b0ad04734fc385e80c39b21657e1f8cffc3d66265f7abd7b980a5f1133613f716a7,ERR,24092022
0bf4aaaab0a07b2979ce8059c0197a5a5db2dbf11da0947bc825694617ca61dbe94b96d2f34071cb0d7ccb5a1f0626a47d21067350d0132d39e556d338d9dc5e,ERR,24092022
be61cdd3f7f53b5a20910344fafdf989f150223cd0a681dc0dda264cd4af6c957ef1bc532f9a4d010d1d776fcfa73634a169c9aa384552e21980c67cd20d950d,ERR,24092022
961a5edc9f80dc08d1506fd2c9f5e1079a989a789a99c5dfd281b4da55e413c9b258b8c2e928487e7bc584d1085e94fd1375bca4955efbc9b18d4d4306b0d30c,ERR,24092022
16d0ab61ad7a44634d2c2af6d0bb5df981432444d816c75651011a6f1bbe5bc8e4cd92684bc4e26ca9f3889cfda70e23005a2551df25ecde038cb2bce0b83947,ERR,24092022
35b5715aab1712c88113e275e270e8e63a76b806d76cfe05922cdee997d920e9fbafc5b6b0d104cb7d567882be13fad4e252152aef858ef5fd7d7f9618e2d9f8,ERR,24092022
5c0f4070c37561cc5048e4890e272448de819a85ff98ed978a4571e4e64ce37e0086f2483e3cf5680d476e8506c7a3ced813855f39e6744c8653f7e26bc0d530,ERR,24092022
16b774f1ba3a8cf46a0c2a4170abe1cae17b34945bdda4abb10872078a54e17af00c77e559166894e1520f1277c858c981da0741f5a27d712bc2e7051813af0b,ERR,24092022
ed3e609568e2bb5bbe0a37f596dfcae68334f9181de6e4fec11e7ef8aa4ab9b8cb54b3b8cc3cec43cb802ebc59a10c4e61534cd61e1f0b5657611de1504a4970,ERR,24092022
6dd2bd9bc1717993464e9fa4e271460cbe5e23b5f44d1d3ac287f0c36d85b91ff4ba18692c8ad34a0873aa1865d7688f68db55f63cd1ebbed555147679ddb183,ERR,24092022
0ff12a6909cb5cd08b3ae4110be621739806fae7b5ea4ee06a61fdd8048e0265f680d980fb94767c4e38c290bde1c176c70f18e9768dd17548656ec31d0cc6d9,ERR,24092022
16fa00d2ad16c0f394806e6b71c9fc7ec437c57d0e5695401dc74a99d4fa3f34d1eb8920e67fd430be22a0fcc766741ac64384a293d5aad37af9919a2f51bcd2,ERR,24092022
6b6c9bd4efd1b27efb964e81199085c0bee4caabbef41eab30eca406c8efd8d47a804c2e2be4099518c21ca2351398ec2d7ed2e75d39fa482b519cc3562bf85b,ERR,24092022
256a37ff819ce14f4384e9452c4869b2562ad023cf2e0e063c21cbeeb1b9c3d11452d20a7a599af8988bb271c7df3378470f44a122d9746e3313988b371bd1c1,ERR,24092022
cc2a087b075fa65c9b21cd0a3b3340d23eea3656d00b264e09aeaaa9e17c376b8711741caa8a8ec1c8c65b9272cad5b602f26cb4c7a0bf6b0af3502768adfcc2,NULL,24092022
16de95fb728b034d88109789304c300ff45076ede4dd704a0c222cc525daba4dcebdd46abf0f3e72dc4b5938e2060a5024f9f9020a50a271b89b8102237babac,ERR,24092022
829e34b0918682ec893bcff025963325fecce3afde2115403a0556e26af5c4e9ac6e57867509a33ff4955f6577012e1c15e69a72490241226ca5e3b3cf081082,ERR,24092022
9370d8a922b6cc65bbf66d98a4e7c818ac7c04ce3a320d8f3ff34401958912d1bfb830963c555a5919831856b73d4c7dc6ac2b436a1b5bbf55e3aece64521c00,ERR,24092022
229eb911aaec0fe9ebcd553df551650b16f0cb0b9a565595f437d7ab286b0895b804b5c78f8c8ab2ca141ecea1043a23a3927783f1f294f42f4515568ebc0c0c,ERR,24092022
6b63ba64f8e33fdd05cfa465e47fbc9f9f0aff06f33899c85c902a6e8908522a7f486badc22495a61b289a036b11fe77ad976d94c9e368c6a62bba444c9e8673,ERR,24092022
6e21ed923a10d5a276879b89bc8b83c1df4e0f52eff29db53fc618f58fffe86b8c72c51b88750a75af0f11bae9540d25b5549180432ce647143164fd763a7db7,ERR,24092022
cf124f2754d84ec1239316b4a51f4a671a2389055714f2b5deffc837689d87da4d0a41a754869647dccb7100f6b3185405793d629de1645a2f49b03382661014,ERR,24092022
4d8706466bbb7c346c77b1bbb87858a6a0fce1be311ddf6067e77619ad6220abbb6e87fb70bcdbad057e49f32ff298b9d89965c0cb00b78eaa37fd41b2fd7cb4,ERR,24092022
e54024c85ba3d38cf3b3152140dc604bdaaa13d71d3a2484dbeba0a29959465cb6f4fcd27e138f41fc9be6f84d477f4c0bcd114f7374af657c1daa40dda53a12,ERR,24092022
916545f120899380e37c7c6daa2ec0fc407c950866e0813e258f59ab16dac46dc1056d879f389aeb907436db4340588bd0676a915d9e103daeb5877b4b0a0d24,ERR,24092022
39321b0b5299c4db09948cd97b2f4ce6474c59d4e66f0f813ba68529d0dd819e59c39029e0cce17be3b1807ad100b1d28fda50fc2f1e52020d4a2f9005d26653,NULL,24092022
1848ce0f81f5b807de132dac3da3530cb87e3f88489b58b57b7eea3c89e108a84fbc05d658addcc69e5c477f86c7eb1bb267d272c8bf1efcfa4c869927fda801,ERR,24092022
d4ec9d46d6df6bc2d0813e0da394bdd047b6d28a287a38387622cb1f3693d692632bbcc2c15279152ceb4af07f8fdb929588f8d25cf3796b2d0df00d7575f51d,ERR,24092022
be5ce7c70521658a2c77a9803976106e51afdc3cd9ee241ffe6d60d98cbd14c07fa33b3a67caf4313162d028aeccc8534285acbaed37c73db0d9ee2faa52db80,ERR,24092022
14c20001e68f7c83c675c2df21e3dc8d1a0e517bdae23242810fe5eee9b251563c2139d337c83b56da6aacb4c9c4da9d8837ac81792f8b2b91c78c0f1da9b6bd,ERR,24092022
d5e77fb7bc6a00d5fef1db3c806974a0ee855f7520e39d509d4f1364a17184b1014adab12b51351341a3aff17b1de62a805e323df2eb531780df3a0fc22e5138,ERR,24092022
65f65d2edc75b086fca3ed821c00610ee58486aa1946cb7c0eb837229196ae702900a4466c005d329f94330e14d605be2f8545f773747f7fe2843242d504533c,ERR,24092022
4e22cd79b4faf6b92cf68ab916a634ef2b3e9c8af095fc8cec9387a37bf5c83afdc5bffa7bc55b543c13237c4a9a24c11d26354651b211ab61de8716f5df6801,ERR,24092022
9bd6e76894c582fc20e15fd6c70f221636a7c51f919cdc8c42f4dc4f9a6afddc43b74e94037301c6d00bc6f306369a6bbc53b146315b426f92693fcc4f56e301,ERR,24092022
74eddc6fdf63f6d6b5287812f883c0b595e6443f2ebf90a7a3da7afcbfc4ff816ad3a794fd050882ecc564f83e2b712d9f98c1eed69bd9ba62c7dd0d0e758cdd,NULL,24092022
ad6de666b2643f8f558c70214c63095cb62c12f3886ab683c09e7c6aca876e0d7ca6b43cc2a1213fc5b29610bcc2959e239935b3bbed3b73d7b5e4556a0a89b4,ERR,24092022
a3e7ac1a05c7a6bca819b86c93b0d9f64905dce07062d6b54e5c0ec1e1aaf4641615c3e822353149b0618ed2cd5ebe0d14f16ea7f46ebeb1ef7bf3308aba849a,ERR,24092022
07c172ce8d8993a945ca2c4aac885c99b48e853c1799cfaedb3ec5c31a5c4b4c3cfc5600258cebe54dc36397ed98a5a94e20f26a336c671841b79c6933bcbe4e,ERR,24092022
1d48400822e028aaf3e3998d88e2448ede105abc3aa11ab6b79471764b0c54eec49f3e0a9c3bfd4005c0d7c03679d8e0c07c4c89bd7d17f97212bd9587d91afa,ERR,24092022
051fe4c658f5b73109c282ef7a2a0382a2870063ddbc2a6253b25a85e474c8881b4b43e178939eb4a334a6ab2b7afafe5d877bc01b26a43a53f99620096031d1,ERR,24092022
12ce5ef19dbf07447ed17bfc54939853bb293eec83be63e3bb2e4037a2a6467c8fefc8573f8614bea27eec79d8ccf3acd60232887f9cde0b426690e34d1d126b,ERR,24092022
b0062458067a179309e9f864e53ade990276924b6ee4fbbf83dedf8ea8bfad0943903a9f89b829f4e599720ea1e10737a6e41d6022b343e2ef5e938b1f7f8182,ERR,24092022
ea4665a8e940efab488922de5dceb3f19e921b79a85255f505b0f85648fa6f94d84431c437404ade443f36a3fc2033329342bba1188be3881706cc4ecd83549d,ERR,24092022
c8451ea18e1749411a57f23499afa5d1f0ac7d182d43a8228673f1ad8f80c7b40870b9ff1607519d6e39093be67602055884bb302b47bdc72036a258375233cb,ERR,24092022
cfe00c82378b3344ec9024ee3a25e9c33bd276f5b8bdc49a2c1c38a35885da68395d449965d69fe0d406070d70ec5f58e8e69032d9dd920bea0adabfb5dfec74,ERR,24092022
20e20f6049288384f8799e75423ff8228ad02bdb24ac314c908649a9d74c59c6374b898116066cd5248a2170fa31c2bebaebf37637eaea0cc5bb0da8c37ac85d,ERR,24092022
eaacfb16e05e4340ccd3423aeab078442de31f070827c3f7673c88c863f4c021ef58a8be0f460ffbb7a892088f8aaafc93bf1faeee4179c3bb03ec3450172384,ERR,24092022
70907bc77d75200fef0b782459ec05622a0415f8c43b5d2fb1ada0f146bf7e54af368ed76527edeb57e3b5beaa2f566634a3c1f0759f5abc7400d7381e53e78c,ERR,24092022
bcfc7dcebc828d7f35b64c4b23fb07e90b56e5b778457b5722b9ecc0d259a56386ea447a419065baa3d7b5c35321b99105600df0179edce7119cb2f693c9f993,ERR,24092022
c6d16de4191847263b5462d1fa9eb2633ee0ab522bb7b08cdfd05626810ed61927d857c007c85030bc0c83e1c1620dfac2b19ed4c8fa860be4ae09f26751c889,ERR,24092022
6b286f6d55c2beb95e1fd11c258e7996dda576e48521dceb63b15bb1ee9af71d1689049c7bd0028e58b4fb1d30774a9e2bb17f81e551a4b43f849767edec31b8,ERR,24092022
a58d891fd3b7b06777bc576b4363d9f4cd8a7bc0eeb4a4db24f18981907ce279458bfa2d6b7a910ccfeafe3e3edd6d417086dbdedadf2027f09ef4b18c065ca5,ERR,24092022
775d5f33dad21cb370ea75a4212057b5edc6869ff8639ca567409ce4272dc2d9a8c3972dc803ff9e884dc11c7f90e85de6cf0c46aac3d475cc79e79ecf7aca89,ERR,24092022
7e1c03fb3d753b69df68b08672a3d80fdcb13c62c83bf73193cd50f670935812c743e6bf1656816eff7e850915ad57aa4eea1f7c2a9e2f0f8b4f77908acb9e5c,ERR,24092022
a4aedf5e0ee805c6e17c86d45a2b5466cc92a51ea309e92df91e6b13b4fa06acdf56ae843e1e6ed035f40844d59aa23a87cc87038008f43071d7d47116afcdf7,ERR,24092022
55198e94939706b39075e24b7004c2bcd1aaa66901359cde2732ec67c8d21ca47c4ae9b6fa87f67e4ab28abef329b04de54f008d374fca5e0bbc9b641d625ab3,ERR,24092022
d3320ebcb6b0b6ae512706fa67d75004fc278c30fb77b6698ccd2cb09348a42bb1a4d3d0abbeb42d2ef67ab77559d1bf9cb57fa715731c8bd654548babfb72d2,ERR,24092022
9e150a01f0a45af42bf908d861283426d5bb7cd65858d40c1aff695989b7ceac01cf0de63ab1a66ed0e419725a8f1e4cd174985de15446312caac587f8735a10,ERR,24092022
4bdbe0cc7a2608473c3f66e312fcbc7807c6a0a9b426b462be16dbfeaad1bdfca89769dea9f3a5af8f202cf4dc2ae5a8f69290480021184a44668caf1cea4a56,ERR,24092022
fbe228a536e5393c246e8af02b8a8bb27d24d89ecfad2110891b1cd0ddd26e9fc8374d477da533a2c268101bfe75cce6a2ee53d3db17ed5dce4578890e0642bf,ERR,24092022
a919dc8ff06858ce57ddf96530785c1ac72bd678b3b1c9f3f3940e96e8ac2791a94de51326089d8bc3496cf4ebd1cd94cd1f969abe54dd28a866902f547323ac,ERR,24092022
2ffe427480c07b4ffd9f1699a9c590bfc9ff4dd82472a5c40f395765520237db7b216595b57b03306482d87ec135f305aedd9ffcc54d1e0f8bd8faf036ab0f54,ERR,24092022
747e47be7e1f3d458b41a9df58a44a4e084b847b52c898bf7b2b1daabe21840e13bcd2e6beb98624f15378be13d0184d3f4c29253f7e927b2ac762d36e1ac481,ERR,24092022
c1abaa26d239934d228f6a71ecc6f3e71e95db230548aed1e97e872f84cd1c9bc1da21e91e8aa3e5ea28faf527065002d831977b0dc01a3363399ec3f4c1ffbb,ERR,24092022
e160548778c59415a8de8ec0f0a5e93ccbf86c5da79803ea068c600e2ddf0ada553948aefb79580526678e2b989d645d09d1d9003d4cb329c0c720318a838c6b,ERR,24092022
30f31c4efa6ca027f1be8c26e2e58260d8e4517796f2e019103d31957c70cbbba40df69d80569b9bf9174e4e7688a5c1bf8650181548e66022a358f14f955c9a,ERR,24092022
04c6c956a5862b6bb2e2e16d0800ec74a716615fd415f90c9ca0aedbaa02f1a6c6fe5cf465b791d15ff38de32c9890d52295c0176b120b588f6b945f5aba88a3,ERR,24092022
2171a0e41027ace2dd2a730ea1cc1e0ff2cb03138022426d5a0bfc634fc9c3fec0c97fbc16a0f2b76814e91c43adf0a116d223c98c422198c9b434b62dc1da58,ERR,24092022
849ee3712d430858056388465f48ec6d4f88b7f44904d6c13947f7c7f7cfffc8e7d873814ee721e8c941b1369ee7fdc6b1a6b2c9b254591ec491d42c1a929046,ERR,24092022
9ee008a515b843f283f16e7e8fdf19ad5ce6023e9cc50a198ff017aaaa2953feda9aaa7ee6eb5fe186b0891633f5842f7818fa492503330430eb38b6460cdaa2,ERR,24092022
f255f3139009106a75e1efbee00ceb186c0aacb2b3f83320185a685aecd20fa7013551a8f121be09d99351ede666fcf52f97e9cff4da2e019921f005e9cdf20f,ERR,24092022
