HASH,STARS,FORKS,DATE
ab1a1fb19dcc9cdebc1cfd49f945576a3faf289771f9d04640e73b12e90883406dfa1673543f4909720206cca680dbc83f5edb2d7a5fdb10dc656b59e2aeb91a,1,0,12112022
db550330cbb6fe64e3281c1737bad675ca25811e8c471aa5dd3b8d5d3041cff34769b0b59d3d05c4faff3238f139dce992e0cd9f4fcbdb23789461532a2da2a8,2,1,12112022
d10793466fafb93e2421b576cff15b355b3879740ede450b1a3a7baf7d26e51ab05dbd664d6a2d1f7aba296c3e74655620ad8f4a09b826d3678520c86c95a1d7,1,0,12112022
cd80d66bbd4a370795758bac16b8fdb32fca9b0da80bfd7d0c7c6c6acca623425414483ee2d335dbe3339b1f4154a1b5d8341efc2f9df9b2b849262f05e74aaa,0,0,12112022
67d368916bbaa1f7a28ba0ae26bf0aa8b48e39795c00cc0dcf6ee8646475dfb43742872fe65f69655506480e1d753ea0989154c51703d8aaf0d4619fc5c6c092,0,0,12112022
78fbc2e5e8d13ff836c27ddad3d7a1eb93fbee8be0bc7cc1da587fb9bee5aa64b3e9012e8bc2531140a7f28da3ca569b60577dd9ba06debf23ba23989ded984d,0,0,12112022
29e1a6e5f4b043036ec40428b98f9299946f05e49074e430a373a3d13ae80b944526cb69d1f59dca26f04ecacb702888324e54ee38bda3813e323e58950db627,0,0,12112022
d2f1bf52ec73e6de76c644408c464e1b5c37b7a19617661138700f745b23c78477b53147b0b79a6be3166e9ab6ad0b996fbd1148e6d25bb891a23904c7055afd,0,0,12112022
955ab165d9acfc9805757876e367d910df98a4ee1883e96a0f299ba024f7ff14ade54636a88b4b09850c27d751657ca8146212071c785c535b716a5d56bdea67,0,0,12112022
d57da3c350bf7408c2cb0c19e8d3759c0df1728c13be6a7069aab0aa9563d0d0994f6808723f9ee408d8451933977babe72e19ed3eec8066beb44ed167d78dbf,0,0,12112022
4b22403f004b1ac5b3bf15f8d4f81e0dafe1bfc1368fd262265de914f7f2b82d71badb086536410f31f5b57b88df469bf6816e52908a7151a08853e80ca350a4,0,0,12112022
4dd53e2c73f214c7f707f682151c1e56fc65923d5e7b54444f3d1fd8a15a7bd6283735f247801df2e8a265cd305787c34fdd4b60165455adb080b137a70c425b,0,0,12112022
435ea4fb308b73279f85d4b68699a29b838287cec482750d13379f2e6b78fe50fb5e8896fa56caf91b2ecee8d8b1aa6423098b546dba1063e2e600aa0058e2dd,0,0,12112022
f0cafcb4549244f160007a598e278eab08f33b0beae16a5a358d54af2f0fd1008d31c6e58796d300b60e83348c074d784b3ac51cab57ef97f2dec820837d3309,0,0,12112022
2214553fd267ed22f3039a7a0fc0094d8372156252f488217def4b81076da8f99c860bfbff9d1b9d97a6cccbd7f8f3436113dab433be2ddaf1d3386a6ca67783,NULL,NULL,12112022
86527b6a7416aabb982f126a3b1b66d537cf874bdba5b5a7ad5102905925a9526aa8bea72c451f2107176a3cf337bd537a39433227dedc6b354f33085f0be89d,0,0,12112022
0f1fdd28c61ce8c8fde0471cb57ab7c375cccf05982bf5b3325d8468af269e326962a1bf1b312a98c8ea6d746204990d270075281aaed33e4407fd6bcf2bce75,0,0,12112022
edd321bb535ea468331d1c0c8f9c0d05dbe72f27e06d371cf189352768f450477bf7cd186da4bc3d198093d638cec265a7cc0c6f6d335ba2647fbbf1392a9df6,0,0,12112022
07618132a764fb5fa0139294f492c316de36a3a9b921bd28461afe280d1e59d9bb33f03baeed4845b40592d138d42695ab8adc33125fdc645d6c26c431ce1b5b,0,0,12112022
48777196ee41b3dd1f3e88338dd19963f022e64c54d99f1e4418118e496d4e6142a57e1f344d0f0c84fed1627cc486362709e5037b9bf5c6050099e50e83f8bd,0,0,12112022
e076f0b16bcc2aaff9e7ae47f24b1c02d81d4af59e8d2f4ae457ea0a18fa81ed62e866957063aa17258c5ad29ba65695d7212ed967277754f531ede5db106916,4,1,12112022
c20e6968c86d232249db90bce92bcea17529cdcb2b89be7798699b6152e85c9f5d44b1d4e21110f1053d30b105e9549d60aae9bb665d94aaa7841c590fc387f0,0,0,12112022
70ba6b4d0a5cfa764bc702be3adefe370f96abffab4d6501cfff4a467f0d9881ee3b55ee1b18f29384d41f130a8bd44efac5e6d04bf57854f6943e98828c8b4c,0,0,12112022
b1c1b19098657fee14e42db2f99665b71b369aa54e3209797e484a21458bb55e93f0ae3a14f4dad9ec760f69740273e088b5e5dd2ca94e9e7e4cfbce3f378ba2,0,0,12112022
e1b4bf4eae36f5de301c32a54d86156db86f0f52d048073c6ff0df8fe1eed1c118bd9e4f38ed6ec04f5b497497aadbee55ac802aef47a4c76d5e29ad0ef99eaa,0,0,12112022
68a5d275923a28630d7c66a360524909ee2f6c6e5f394170149edbf4a863a068382a5084857c126a7a0b71cd1240823e49c9ca374069b236c343eb963299ec4b,0,0,12112022
e030cf8bb8a19174d1a4da04545ec98b390ba5197b4e95562d78da58610735ec183cd6446822491665a1f1b0a8f7f1312e1300ef02df068cd8988ed119eb076b,NULL,NULL,12112022
02d744757bd471882a615860e2395d49ac51c2115e3b0ed0ff2da66ba0c71c725d875a40cba2f9a9f608fd9bf2deff8a7cd281e5c8500aac96ec76f0e10087ed,0,0,12112022
31c38711c73e3d6a7bc4e07e9029facb0b50a99cfd4e9bc2629d5656eb0d77cc2a7818027cd543af81ab0b77813ae7c18536c50d6dc647deabb91c186d1b84d2,0,0,12112022
ec3f9ef3ec24bf6c5a8443fd67c544c97039a767379018c251d2eeffc5dffff44870f2cba531bfe8483e39838ef9c17daf6e6fc7fc64c83c40dcfa8cb88cf539,2,0,12112022
a3d2fe54a5ea73aca22d4eea0a4af333e6916c32ff6510b6c4fe4d8dd0f32f8ebdd644f4d320b9f329b9eff6dddd5a2b44954d30eea2e73e6c4ee3ea9d2bd1cb,0,0,12112022
8c7635c41b674ac8e266502fdbb930c319fdae200552ecaef0c764b7f8c43f37b4fc89fa4c19cae89a9a5cbcb43a29311cba356b806f84257c8e72a1182dd3cb,0,0,12112022
c4f26d725a34b043a647236434596f9180001ac0e586379106eb58e047ba4a9edc017bb7ab0741ce75bc5c9ac9f4466241455e64bbaf3555d3b83fa5d806bceb,0,0,12112022
bbb0a29ff7cb30cced7de176567885c7f4f339596e546d44196f6560e06b67c383a2eeb6c5a729137ccca1f163c333b2aae0e68e00c2ce196da2973f2651f48b,0,0,12112022
5f95a81975f7e12fea3ee9dfeed1ed067a5f61a8b23a64b615c50e200816fe2fadc1dfb59a2cebaa2d7a39156ff356896bd7b6598af807c47cde1a0723041aec,0,0,12112022
b6bc3c2e4d4a6a4eadef461b827dd1233a02e854b2d0a67a159e582cb42aaada52d40ac5ca1ae3954f9bc0bd5213ebbf99eedcead6b9ac0106d915d8de07a71d,0,0,12112022
72e4bd41f5ed39dc1503b8c8e6386d99bc49c2fc790e6612dac06076feaacda81b2a03cad56492e66f43ec354539bc9530cf179a533fa2833cfa6dfc6f984a48,0,0,12112022
e588cfbbdefa7f802cc3ce649e0b5780b32e6bfbd4f3b6e36c454e5a7d955bbccdd811a4eabd10cf4993c20191b9c68733603077e408c9206f98b83287541fdf,0,0,12112022
b0b14f1f9c9eb26d2598f96861f01947c138d9878f79e483f1df1f630d812bc736ba40d7e05ee4031353e1487c6d19d15115a62ea8aa79f6f92517ca15cc74a0,1,2,12112022
f191c558d6d162afd13fde51707ee233090fea61f1dc75727b717f83536733659700667bd8874202331e766b8513a97c1a95e5757a03424b96ff6aa87460467c,0,0,12112022
5c0c2ae3c21bdadcc71b6442b071054503d4fe5e4d0afdfad3d86a64e063815a38168690cd9e643a0c8f9a9434673a53cb6b9dad2344017658321e1d61f60755,0,0,12112022
ce51dd10a3bc50bc1505120df2b1ae586307fe540693cb5af620ea3cac14902f5b5863cb8aec201d00f2d2b6d6583b3fc7ee1948d6bddd558ada3dc629b75179,0,0,12112022
9a3524b022df7ae4bd127fef47a77be0aa33dca22b2a9c13d192a64314430dcd8e982052a2187694456f6746746b2d9ed18d7f2488937997df9d048083dad087,0,0,12112022
5567204e4a013c98eae334744f00dbab7c3c70b26cf126328679f32a26020eb1846c06746476a1566d883965d4b3c35fa45704bce5ef706563dc94d073c6acb6,0,0,12112022
ff30fc69ef89d670c8d11abce08f284e421354d3c42b75cb7d2d9759cfe4cceafd44a9ef81576b6b8e02b161bf046817d3f0f4b50371db59c13655b897d691a4,0,0,12112022
5d40938d5bc07d6fbfe4a3262c32239ae2ac147258ee247b93044c29a5d2869e807a3c328c36d1929eba9dc95d0dbe5f8d2aee6deb8c7757e08c751c0491ff37,0,0,12112022
5aec7b6c6f5713062f7679865a340e36bf4b9f2c291ed5809aa74e9c6ab445cbdcf8a3bf58f2db74e9da52d3e2e27fdb11cc602bb674650a223a35cc2e59e258,0,0,12112022
9a82b66de68214c29b13aaacf7427961c47f28e2b76f4116d96570339be44886ab5aa54cd92f15461094fd5c21b8280ac47c435d876c5870aa1d2f5c7440bb18,0,0,12112022
136fe1d6a2c97e2845da38d850d4463d909d68e1ce5b4b71c055ec5ab088461707b7d6215a97659cea60cab1bbc056203357858706d6bb3d70278bc0ba4cd7ae,0,0,12112022
b4ca173a431be3c32792dff3e151edb05ca4365cbc7f0ef6b7406f8c42354a0c1d1fd5749c4b07c58e29feeac8b4a607d4f9c658253d1b63d28e2f75cd914f23,0,0,12112022
53c58f5c6e976fe8f3dc0c9b7620da960b003a634867dd3f0ca80c0be41ab254a14be1036129e930ea8e1f91378f2010ed6f6123efdaa086dd8b17913b4f8b9a,0,0,12112022
c44344ff42aa035b56180184542300473c54b8f0d57fe8493c8d29b71005f26ff9ca3132159917659087bf58186c942daec8150b34350db8c1aa12c2c5517362,0,0,12112022
277bc1fc76cce971b73987694ffad30293556200d631ecf2fcf534bd4f0cb4b5509d1a4115b6c907ffe9d10f5b4df37baedb0f59c95d64e8f740c607c9e15650,0,0,12112022
ab82215c9230ed75e8fa2c44f95e5048d27f6b383c8d59ed8e899ec395d38294c0f9fa7da296cdbd33144689db05e12766ecf39d4d0fad34fc68277eb44b90bb,0,0,12112022
73152b0f3995e36b0609ee2122225329e6760e3d59f755452fe2017b6de1edd00df70cfdbba3036fe332666ba9f2e365cc9e2c7aacde443bdb50784b07bc985d,0,0,12112022
77cea271ea92e3544f48f12950a5db99c55ae9b78033af8133bddd1a898a5a18a6b42d9244f1b336e7a43bb269c9a9345ea82c9d123bebfe79f5a05505eff459,5,1,12112022
2a37c9758d46068eb1eb2080cd0a7bfd1aa49f6b785e2e037f6a2b70961788c3978380d8db00732c48f97c84900a0ff6239daed20bec3c9f965f596ac309a554,1,1,12112022
53dd1f8332007ad370b27d3086fe3572d93111063740d660eaf332a0b60c52c73eccc631acb93fb77ebb3fcf0be0cd5d7214c099f7b167ac9b120e85b4557a5a,3,1,12112022
60e52074437760668bbd01cead2f9a7287ce2ebc07f8965e033810bc5b09a5ad054c18b6d5860991caa27475af6dd2b87474961fd1d0c32cd998c97146ccfd59,NULL,NULL,12112022
4d1d67aac41b04a2de68db4f0859238fca16925097fc77df5bfb384723dbbbd3c0faced40b4b8b4fd2b533ded50fc462fce0889aa6f5f94cd9c456c3abfdaba8,NULL,NULL,12112022
e2fbd0cdbdd026fc4663310098927458a0df23039c8d0cb649b57a6839183bc7ea22d01ff1ea02cb22cd0c98ec78abb5be83a91f54d55398cbf29dc49c688128,NULL,NULL,12112022
44e8985bc4f0d9a658c44a09f7de3288e2c8f187fef72686bc10a5bc383b97e51a9287e51b8b551dd7f0af0d5c811f6e20b2c75b19551fda06fdfb8bf0f77d24,NULL,NULL,12112022
80d11359afd75bc6e172abd111a76106548f3fd28e04e32a8b102fea79a5bc887b2c2967fdf634a9d8fcf16528024c65e7278f54959961dfa09e88f51e2650ad,NULL,NULL,12112022
f611f8d527681972b9a2688cf29e456d6ca4904d2647c3769b96557a5b64c07563452110b5c66827369383c59dabc3d24c6719e7e4787dad8d24c97bc2fbc2ea,NULL,NULL,12112022
d9c8a707d2f5055070d4ea9501aec31f7aa6dae8986db80e19306c6522d09a0e6ff725ffca07ccd3328709c386477a016618fb96798ea38faa8d69bf7fa4abdb,NULL,NULL,12112022
9288df5d07d8861ad716f67174de2a6778d08e21d2a403df8049a057a1162b2a374be8157c8ced6966776380208a8fa78193604434be10f08723f046f34da019,NULL,NULL,12112022
c4ceb49493b9651b5171763aaa802cca3bd2e838d2bf3ec89207cd4c7c8b0f0f42c0e2a2d7f82eafd6b815416ae74ac8e02dd290f079fb414aec89c1e0b53081,NULL,NULL,12112022
213307a72e0cf61b52e6ff723e3f1df7688abf0e826a6fa6ed17b267f6a7a34d9a6b850f3f57dd29c7059f9e106782e8bbfe89355c77ebcbfbfc31bbb59888e6,NULL,NULL,12112022
e968a984a6d89cf1e0e56eac2dcf4a0b14bb16555535bc821b6a172be847b89361d1dced1f9ff32a3d03e7fbd7ac12a768ef634da02b39bb88123a6a0e7a1f24,NULL,NULL,12112022
4a6121a210fa5c9699b0d9cf2a7514b76e150bccec54f9fa8090303c4e2626c6c6270b91f3afb2df0884a83268ebc23a62b617639ad31523a555f6069f88efe3,NULL,NULL,12112022
a9d0d915d848a084fca2571c3eadb40478549641642f85552754e7749384312aeaf0426d79b7b9a54d12602a1eb3e99e96be281af7613c4fe764fc31bc95e171,NULL,NULL,12112022
fd799e9eae1fcb0c1a092f3f5fb803cad5cca254d991649e33b9437d95fe1cc957d86d553116140c868f33cda4998b6891c6ddfdf277f9912aa57ea2d7f24a3a,NULL,NULL,12112022
9329383a3ae3dd67e1619d0071f8d5be1b0acffea8c256db904cedcb027b4b58c6119e4e876024cc1b1b94736280acaae788d0a5d28a3108bfd823ac5e07f282,NULL,NULL,12112022
46f98d391295d0a45ec41fcb8807f486dcbd20820ca3f9656abd60a431a73fae896c81abcaaccd6b6f3a1aff53c4bf503d500d4bd7af92ad8ae61a12c3497a1b,NULL,NULL,12112022
481c3d12f30e95d28858e7a9691a62133cfae1d1bc96308251c75ddd926e03194c58821a8bdb4b8030a07bbe851328d7df8a438c6ce69a66e1468e265a5a894c,NULL,NULL,12112022
80416d13b77da7b7154defc0db434f06fb5a946a9821e6bfd8569f582004458031d3a8413bebd595b2b516f49dc20cc8c547347d6acd4f25ba7fba1fd14da28c,NULL,NULL,12112022
c0354538cd025da9f3f7088a741c37aa5185062905e2e097a0a553af691dfea37d0c2a244394c89a4133cf59dd253d45622377d8f432bbea26c9fe8fdd87af6c,NULL,NULL,12112022
d7671b4178dd86f5c3b4fb55befd7e450805386897e4953033692ab2997fd63cf589ff8facc235e78e15b2c47d4db45d97ca53ca3e7da3454e0a8172990bd1ba,NULL,NULL,12112022
8d591dc2116ae8af6f19d676874662f413006a2437d5589ac1f50e479759b87b77b550b503d322f7b42f1a5d107fe2262150442e89f1934fa745d80dfbcf51d9,NULL,NULL,12112022
75eb8b0cd4d2faaa608b800c14e52f7ed811fccff520811c487eb8493995ea3e18bb692970263526327325973116d680a85ac92cd8718a2dcb9ac233a0f49f6e,NULL,NULL,12112022
37136cb6576789c0d81beed017345b8e1df7d0197b5f0201216e7bc06368d4be1d485a2ff33d4b827ce10feb963af14656f91fcbd2a9bfbad96f08a265e3c264,NULL,NULL,12112022
57e828bed673317507e2cadbb944f4c2766c655e17be8ffd76d6df42b14d8cc1b81c3c5729b10d89f39089dd74d025d0a0277573f7cb5aef55671e67756372f4,NULL,NULL,12112022
ac84bb19980fcbd83330bc2f48819631f203b2df9cdd77b56afd55f849aa204d7745364b89415c06d3fe9c8bee5ee68da7c79598d642495e38ad54c8239fb7fb,NULL,NULL,12112022
0343cb51bcc6033f7ccc9c15efd432869832d7867c825f7beb3e37f77a2fdd2890f0cb51d8f873e532e9cad7032bbe1ea7cde7687f2f7a3c1a9b481a47ef7dd3,NULL,NULL,12112022
6f410a9ec97edfb5afa1b373729ec208177867a99ca7085163c26d805468356f25103f57e6816f8d52548fbb093d60f7d34b58e22e695a1f99157012755bdc10,NULL,NULL,12112022
5fbb94dd8be6cee4d72c5c93e03c77b823ffb785efce6a5872530aaaf05c9eb66d6f97571a03e542643c61393c766255b2b7965d0f84486b78d318d8a7193ef2,NULL,NULL,12112022
521d4e23efa39e2a54ad930099c78579c898d719b89bafa2f71047157fbdf33e4ea956f0f214581807901fa9e5c2c976460c2986a8ab798e7904c1462f7df41e,NULL,NULL,12112022
1a365e52543346607dea31c13b90b03b7b3ff2c9219525ef67a35720c152d7c8e64baaa7d3d190ed564393279f22d13761d31b151ae31ef90ee7c535fc16885b,NULL,NULL,12112022
78531eb0021b25afec41a7d30347b74cb8a6057908eeb541bd51686fbdbf763eb305e40f452c960bddbb1f7d3ec0784a25e2f2aae85ff1c554976e9fc5f65596,NULL,NULL,12112022
df172e58139340e196f6cc2aa9674fc496a59fd11184cac562db37fb1faf1613cd321dbeabcf9a176548a6485a27d2e858716c1ef82ba0bd6f04d0b0cd2f5cbb,NULL,NULL,12112022
21fb1ec7b0b2c01e870b1d55323a8c2a3ce42e7425d4eb4d8dad4690025e9bb719950bac733982376825660035a0047b1bef0a034945a833de3ffb126c57b998,NULL,NULL,12112022
0e6fd29fafe3d7460cf82f3a5a6d06e2c7e438e979c40f7494471dcc765cfa2e460b4536f81beb76172506990433d1c29efc71ff41056acf2c5388ed18e8d7d0,NULL,NULL,12112022
2e3f2c4e802b536113dbbb2a903b3fc0cb771f47f26db7299e664ffc9d15ef32b62f3654f9ac02fa398afc990cd03e9f8cde0cc4f9d321303343138ef56e0f05,NULL,NULL,12112022
e912e467bf8fb1a259833950cbaec02f78ebea891fc81ab40eb9c3776b67da6941169764ffb80437bf0c5926360b09f966cbc3100bdd897fd091ab22923de7df,NULL,NULL,12112022
b236d4fefe9141442b5160af199f3e6af04743be280c7f72af17e56ad183f7e309c7baaf0f0b2ba16e59dbe3b842f71353893b06ab2334499ab0a1ab15e47bbe,NULL,NULL,12112022
6c06a9117f36772eef5c1e1e8c8d1685094fcb32c0ab94402be5bc678b3b2c69f715a7eac13f58c6f3a8bfcd65ccc04bcecf787d238c9e7b563d1a7999781a10,NULL,NULL,12112022
60ecd72fddd749539bd4d4ea3ab0cc9720ef94ba686a5302ff6a25146e866f641798ca8593fccb570c5167df059f834c4f996363df3b7ca13b40a7f9363f9196,NULL,NULL,12112022
9b3ea9f33b10e052779b8702903df68ad4976e29171ff731767eee38801952dcdc5b765a61d962d8db7343d5e8759fd26feee899cfd0c83df1daaa2c45c32d28,NULL,NULL,12112022
04ec68a1f9c5a5f08ac0f2416a42eb0472647acbf3d9be34ffd7c94b386ceb210f7146ef81ec28c65183ddbfb073621ed0e4ceec14c5b2705a15ce77a57cb8fa,NULL,NULL,12112022
2a364be92f99916a26c9ca5b95a58fe3efcdabf8c8e3216f813c2390166571794e69069b9d2ce31ca44787cb95f6a8e6903d94d6a33a1aef9ca6246544cf00ec,NULL,NULL,12112022
84c492085be94181a6761148c11e9e939cf07a9089a7a727cd9ce7a8481fdd5df97d4ad879c5be6d9cc34f4dc4300ee2fb1dc75ee5d8d8cb4dda4076e4133b1d,NULL,NULL,12112022
473f496fb65492c55c401bc16142ee07081cd0e50c3e8af8e40a20e7f452ab834ab76b1fde0a95202131f9393aa36469f2206df4c147668018fd634ca2c0f954,NULL,NULL,12112022
6a77a1887a2ccb8c0988cfaa62de8e8f9e27526b7752432b17406a781aded71a392a0fe8b99818f50f723f79672235e20cdcdec95288728c2aa94c778b17af28,NULL,NULL,12112022
6ba7060a63ee8fbdb18a1bc99dd770668ef40d058d696d5d70e9f77a98b82c771ed9fdef94622e5b0959dd43b7485f934e9cb009a7a7d52927635c44cd82aeb1,NULL,NULL,12112022
45c86e1573a817559413406ceded7b9435204dbf892c8f98628c45956a9a760bcc523beddc8f1063cb1aa38bfbad47ccd6f3ed17bf22e7d044cf44cace7802c4,NULL,NULL,12112022
ed977f8bbbaa9a9f8a62c4ef74efa29ed1b245de3f56b7a6f23836fdcd84c5ef839f67be33a14bfb00ff595084852044ce81abaf3ecc9d8899995b5c0c831c2e,NULL,NULL,12112022
c3ec912a6145122145156a009838f0a94623cff5d54a6644701c68948ecba2a0ed88208a20dfad308d612edce3019fbed952e03c5caa97c4653e0b7f3286ae63,NULL,NULL,12112022
da91a969d4786c3df6d1db942c51a1a4d312e207f3901b7df0a215bd69852ed382938ba799024daa1081f87c415ad7b6bdb306c44f6db6d211d9ead03eb07f07,NULL,NULL,12112022
bfab7daa01853dad386fe1bf901cf28107dcbdba5ba35fed0d6c8e1ef4d294880968ccfdcf640070289e9451020a0df924b2ef3b0346f673599f901062fa1201,NULL,NULL,12112022
1559495f73157d6a00312e84a582d3a15776e2ed00e47de45ebc867f408c1180e38ac72830a6e3bf70cf89307b282c1ed4dd5c3bfe342cde09f23e5d61ec24b7,NULL,NULL,12112022
f63aff81ab104334b82c1f3bec6ce6c3022ea1b1f7818a291df4c20a8da243d2c20bb252af19fad111338dc016d94a0b16743019a96378af1bf36258d23cdef1,NULL,NULL,12112022
966bfb064acc26e0d5c880f61329e605b190e46675c27cd0dc88672069a8e21ed016ab94e54395ba2f646b2699965f6d3c5ac82d44b22565fd980b62f766dc28,NULL,NULL,12112022
7ab2e88be3712f9ee043086429656787bdfebf7d8681395c67385a0257e2c368608176b067778e09416b1ac48da3556a623463e459a647990da4beecc58ecdfd,NULL,NULL,12112022
aca91280caccb7a0e02f1196d201d524b5eed618d40b610392eaecc9563a45c93b033651670738da0d75a01ce4ba7f29d843dc98af55041066719489f61f6546,NULL,NULL,12112022
7a028bbc0ccb8a3fa3fa93fb0d8c9eb1154387f5ef2ef94809fb6087380e86835a0e9aea946a1f87e9fd0c513bd3650471e41d105f08eda9545f3ec2422a71eb,NULL,NULL,12112022
506a4e3d045a2f4d3367e16aed1d1740360e907f6dd117f5e3b0f103f60dad55b2242a5344fee95b8e20d59568e8c1549069f4f845e485e2ce32289fc16bb3a1,NULL,NULL,12112022
9534df0d1a4c6f1ddf68f6b761cb32e4f6da99baaaa91d40aa08f251cbe38df902491f347288311d82c4ca4cfdf8e5f6e2df6994bb39cdb568ddf71950122f60,NULL,NULL,12112022
a05ed74674b3be82301489fec274e13e524980362f387c3989cc026c61449841a8394476ae220f6fd065ab2dc091696816410c5b8374706414f3e91b677567bd,NULL,NULL,12112022
f7012664f6ea3842f6e64e5d9851df426d71e4f9a9d8f0f16fb0f52b4148bfd104861a1196606760b16ef68fbde278830fd3f8815d19437e372f787861ff0fa2,NULL,NULL,12112022
ecc04f079997f3a07fb095c20f1bd97a8bae15a030106ef9728c8002bfde3efd3a38b7b8619d468ca5ee6a3f760a7f466ed499268efeb30a742aa163d37e9b86,NULL,NULL,12112022
b52dff13c24b61c57b0c1590f0863fd5c2151a9939b4181336eac4f5d23e07ed8c6fdecfe05c1f08d280fa6e1194271944ff585207b80a610949659bb79a1aab,NULL,NULL,12112022
f8063a45eff90c177a6febdb86953a370c641fdc4da89d9f168228fae38010230d2a28c2b5c28503e197f463647a8d78d1ef0d020ab45de2f470d26e79f92bd1,NULL,NULL,12112022
863f30cda3c38e16695cd42492f5a35480e5d56c961bb9da954585ae58146deb00e9bb47c348b2f243abfb1b3a44c7e8a6b9b823a628da5160ad9663463f966e,NULL,NULL,12112022
a70c46f0cc1fbf83700b40b93dce3b9c74fcd663a0383c0adee608f084126bc879ab6c873e855a0548e2670677aca952844d28622837b154ddf8e4781bf49ca8,NULL,NULL,12112022
ced5c83b93b3b912e6edc494ba916763612e54538a669eb4927ec2cd196e40d2eed1b66c7d2bb4a95ca5fa807fe9110b1643e643b1e5bfee07145107bd704e43,NULL,NULL,12112022
0f9f5872be22a2a26302ea5a0b585b376ae57ed9e8d01ede8acc8da31926879d636ffb4bc89c0d78d7d773ef7551238bd30deadf2674f8286370d0b6736bb20e,NULL,NULL,12112022
4230e32e0e94219b8b086a032ffdc134f7008662cc6d803df0c261ab6ed03f01009ea34eb96b599e332dabc2b6f193db9a9e5a2b911aacc8baca1f0d440659a1,NULL,NULL,12112022
e65a214bb6b63d8391184aa38d202b9f2559792ed8c19ae203a459a0461a50c21a1e30c525eefbc15ebef7490590cd79bbb44f3ac940354ddcbb5ed2b2333e42,NULL,NULL,12112022
4d94223d9a6d9bdf459d771be8c5658a19561c787fb96638aa0271940c44d62c3b6297a34b8d5155561ec50064bfc604814ee037716db3b7d579bab3bcbca822,NULL,NULL,12112022
8d220a4e4fdefd02095e8a0c672a06bc2f13dad07af8f869dd2a4fc5b61b3846548bb4da62511eb1bda7153544a0a4b8b407abdda672509b799b14a665792727,NULL,NULL,12112022
0816636c68cd14c9e2ad355822ed9b9f14222fb338aace5ec7ad18a523ca98ae52817d0f56ab9096e16ddd1890f731f87f1bc34ef58c01de6285a774f7ff6844,NULL,NULL,12112022
1a3b334ebd7254f1d8aa1cd5092714df656b728bc0ae3510b04393dab090866a34d6b82efafc2bdf94f7539026f32a0828f7a27cf79d55a3f3407f7853125254,NULL,NULL,12112022
cd4927254e91327c470ab80f96a99c3368a562256d8ce22e164032f146939d3c1ea03c533314844760a862535f709a8bee9d330eb250e381ca6fdf73a0f2581b,NULL,NULL,12112022
eee5d0f82da4f7a9b0e01cbec606c66baaae18136a287f0a2d5ab65e364e5d2b62f024cabd9dda3e48ab412641f19b33ee8ceed968d3e6a4891da6fe3aaada19,NULL,NULL,12112022
61c76eae6415856adf7aa258be57bce59b11eb9ea0fd3086c2494b0eabc99c53ef32af49e1f23797c858bfedae5fe03ba09a9e3fa2d03934256325cd7ba0c0bc,NULL,NULL,12112022
573838b68362bc445e06f01a0d89bfcdb55b74740acc6e4e7d413e58ced622488ad9ab8426d6b28a237b29a5b0e6e86740d4dea9051039699159d61da25788c3,NULL,NULL,12112022
d27ddb7319152dd7251be64e5bded5017a688de29f57376cff58a305b1d093e938aa08deb2fecb3556bda10b5e2261eac7e3c280232373ccfa762ade14342866,NULL,NULL,12112022
925bf3713d7a76d597a47e641cc9ff85e5d344e25242eafff9880093d8360a8cee13caaf1a1fc92c72898ce971a9caf628f7b09270d8ea59779bbeab12f62e41,NULL,NULL,12112022
84507c761eaf450c57b57a1fb344ede563ea2ab89af8730ea206d671260f7ed96c146d9bc32c3fe6374334a0fef722af2d912e8db8b36824cc1bc7ccef8c6d65,NULL,NULL,12112022
a941486db73c5398d34b623e40dd33063e7f93444eae0988eef73ba741a551f8211871ebc5703f573dcbd1080934f415af09caf90c0f974cd8816fab4412700b,NULL,NULL,12112022
71d1fae8a67a8855aeb18431491e46c223311c936c0ec012cd334e3d25294094490d64543b2fb60d47a5a0c92e450b23ae548219bb4a11ea482ebd6701a49c72,NULL,NULL,12112022
b4303f45aaca19962a53ffde854d58fb0e81538a0573a502e3b9b5d2ecd8ce4feabf0ed79223ebf9f5e7ab9551cf1ffc16cdc0c8925b0055a7567df6af6bab7d,NULL,NULL,12112022
cd8e0d49724bd6c27faf8577a77f5f65dfb57c0a38bfd68e218a3c2ca78c0cbe50ac1029ec32cda8e40f8d4ddf5ff8a737dd54202357325ab78a3f9eb5d0e843,NULL,NULL,12112022
b6dea942070b7e857c123ca63f20d8f5ace4d1362c590adbd0364bc1e2fd8989741afc6308fd2d4649c46ea78d84921ab624c2fcb1ee123253883b1d03ff4d7f,NULL,NULL,12112022
f8424c945579f8ab5619ca58a2f6ee40013a2d29cf08d00fade30cc4169e4f8aefd7060aad96071e3c8d293fd9a16735857aa5ac66ec91e010c1abd74b39bb66,NULL,NULL,12112022
44f28a21308fc419d556d12d56873b858f2948b6e07e04b74cc0a1695028efebedb4cec62ad5efb1155c3e48e67ddcbf5235c18d0b8f17d85f1883f1d0bdc7e8,NULL,NULL,12112022
fcaadf5f2e926bb850e330ec6c3cd003c64d51939bc483228a99a891d289a344369b1f7a2c511d46b8d3653215fe7a40f8f2c2f71bd7d84ee5788a80b06be89f,NULL,NULL,12112022
8244fdbb115a9b6548981dff773660321250a5dd4ca83122b3b5af9bb3a5dfb40a452eab52b517f626e7f143c47e0a61101909d190ca01ba2fe13316c4338459,NULL,NULL,12112022
fbb2b7a8171f76e6fcd0b8dcdc300c2f2b0ad315d89a2289227c16acbebaa4ab780eff11fc6ddaf54c59721607dee8d4d07f9a7e0ec2e412e7f3b37f0c8ed3bb,NULL,NULL,12112022
e5b45fd8dad1a09b2501ad165d353b5ca2432faeb1bbefc0830ca95cafdea582c1d495518646f1a36a5f0ec47c2f280017da322e2a314fcae609deab2d2f888d,NULL,NULL,12112022
c7f6ac14dce1adb9694a2dc5f4f357458ef772427db34e279442f6b2b8263a4983f20d3dcd3f6f5667e85ffdebc26a46af28bca4f4109a67b36070794ead9a46,NULL,NULL,12112022
a0ede2196e875ca4bc4f5faaa7c6b2490d186fa3368e1efc936f53a156b32089529a58500f37df0e426210a2b756ad4c80bca9d36d2fad396ec8339cd98e8e73,NULL,NULL,12112022
473f313973e75fe01c23a1b2ec30b843f9b57f54b5d3e195af0a110d71db54c568c483390295d91b04125322bf8c3009614eb3d5411735d00ee0cc7333f9b717,NULL,NULL,12112022
02818c5a00ac653e79d7015f8512c0a2e448e7952259f365325304fa6f60104a3e7feeb6da559b8824d36c23f5557ea7d4688209daf5fa1ea4a3a226287c2606,NULL,NULL,12112022
cad8189ca48702c63bc08508b101094183c3ba7847d347e47744bd53ca85fa3d37d312589f2ca9a2e8b7a0c57729f5717b0cca48d5a73a939c5f626078aef58c,NULL,NULL,12112022
8159c943401c3cb10e94cdbe1a3cfb10da64837a0ce9c2be8d8e80799443f23e09198b5d4d0bfac1d6288007875feeb319f5f9946969f6449c74d4a3b85a0499,NULL,NULL,12112022
e22a897520d4b980796a853067cb201da57713ed1a79e844e78cce714c41fb8f915c0f8cc6484ba0e8a2fdfdfb422c739c7d30f703b1f016430280f8f40279f7,NULL,NULL,12112022
2f2d69118a8bf993881a5be836801b21b19199b369ccc22244cb5341bdc1519b898309f6fc5edf7029a803afd3b3e9634ca7bde9e8b4611c3a2a2ad9537335e9,NULL,NULL,12112022
23cbcc321be3191144510473533ba77f1adbc87a932780761167081a5de94dde4dee169d9e53dfd4b5eaa3b33861ab20de6b52edbc3ba851caca675a81e30990,NULL,NULL,12112022
3854dd63e8de5924ef4d9887a9fdf1394e856395ef5d1965838f12f7a8e12a9127532ed36e5e665eef4ae2e09188dc60a90ce360842f6ece0e7b028a486b6ece,NULL,NULL,12112022
2dc7246a4e595d9fd0f4fd440f25ff955c87a33c36c04d380a4ca6f819a015ad352c9b6fbc46ec414a6cfc8716d3334fc6176cb9019cac1beed7c2231b7614a4,NULL,NULL,12112022
760e95c96c138c2d783574d3cc60ac5459be632c086d50df525fc59f707bd3151f58df759da47fd135c65cdb2b5b9e5cb4dc61d39b104544f7e9258f884de31b,NULL,NULL,12112022
3adbcd680c0e0c27eb1df878ae667328050e476ca65fd4bfd7e0222863fe4b9afe0276e850cd1e41ca81e6378cef1d3fcdf61c8ecfefb50a77a69d0b0485c752,NULL,NULL,12112022
0772200181376ac000b69ac6b7544826d786950c08cc5fa9fd8f18e71e86a2a23b717d7dbcebbc6cea48b552e99a705c720dae76a86fd7d50197bdf1aa2bd62d,NULL,NULL,12112022
ca8e4fd6c73cdbc86b39cd8499409ee1a2915fa4aca31871264b02786f093b2b50e8fae513b7c4e992c5e238c6eedd4e9081ed6663d8c783b9881b5a92008ef7,NULL,NULL,12112022
9b46241b8ea290ee25ce3f1ec4fa29377a59a0bad0dabf9de06da43803dc467f1d69014c8dfda16a666cd8aa3b30a3c05be2922be401cf6bc9acd23d3eda9f87,NULL,NULL,12112022
b096fd7216a4ed2a8e2f738aa51032cc193f6b4aeededc14e9bb32a16ac4608f02148dabb8dc43cc49f0c91281a17798c1b31858d34308fffabe90999f9cc6ce,NULL,NULL,12112022
643a051c20808d5ca1200e1f7335737f3dcd0d47cb34a4668685d515c1ce7d2151fcf98907396b7b3fcd15bf1dcf61ebe0646a6d8e54bb93940a0013b59ede27,NULL,NULL,12112022
d4be642a63c688a30d081150bb7aca15c2c97ccf414bbbd793940e779dd7e855f5c2f28304372831f615391e0bd465334d9b3df1ef092b4b6167b2a973033cdb,NULL,NULL,12112022
d7de329b7551cf705152e1fd03e2683e2f33192d120fccfb84395125a0e543ed70b9d73280d03a41f8e81a6cc1a3d40bc47daf6e342a3fbaf8c31e54b93748fb,NULL,NULL,12112022
cb9cd538feee6e860d2acae763d015b17e367a61b3b843d6cc3be623f662313d992f7bc0d0c561671c8ac0a23c346b4a598bee7d1f8777236904198a59751dd3,NULL,NULL,12112022
d2a6490ee62a125ed7b7eff453c8dc109d471571db93a7d608aa70920c6006f08beb8fe46d05790b582a69fc1bfa708214ebcf106793258065a12995fd5e0f30,NULL,NULL,12112022
26d139178f1493c395d8bbc1feef449fd40cabe8e38d20358277085c74e3aa2abafdc1f6f190a7a26a946fa45146a77c898bd596456949b0d78556129206f6a9,NULL,NULL,12112022
e1e1ea14a7a504b3b04d9b0750bb33f7348b93785a78ac4f22383fb438d8a07c6b9a5f57a66a3f5bd1dd6568a4aef616f14b145d9b37c408e5a23bd1d1a202ae,NULL,NULL,12112022
bc50fb8c52f06811f2f2f9c6201c78b0a730894490f2a99f722761650e9a12d944a0f657c6071d8147f5dc96cf0b9ba639f0a7551bcd8cd60fbee045c6bf1f8b,NULL,NULL,12112022
ef9d5947f45a8a1c6d1dcb35523f8afe38dce1012f6d0c2a2375057778c7ac604f6b735875d06247f2448b0c751982e3346a588f9a1ca2ff55aa0876b9ab40ac,NULL,NULL,12112022
6a31f8924b7715e76a570df08bd8e09e64596253c7f5413993d6686034cc20f676663ce6f9bcf4eebbe429461ee42e8721e7064ce55a3aaf11bdd0ad508fbec2,NULL,NULL,12112022
656a394a7feb8b188d6a6704962996e017a688f76aa9b91dfa7a929a708430422d7f39628918c6933b9cb06ecbb8890ebdf08a308e211f4c7d0ceabf34474aa8,17,0,12112022
764b98b0b1b52954fd991640a2b6930175b2a736c7bfd956eb72283443005ae3a9aab8d9ff1ba701819a6fead041f36da07a14d6767fcabedfd6b46e77d1739a,7,0,12112022
b8f18b3c2d69d3ab40109528351be3a1b82fa3b286533072a415d893df7debe55fb468d43762656fd7c41412d2364c91b8c4b18fbd694be1e24eadfcdb3d42be,13,3,12112022
6f9e098dea4190f1483614da870b6b0d9984bedc9b9403f4a6a9bf02f616e16285376b4a249ebd9a4b9e98ecb380d8b5f621e74bec89ca2770b0353c5bc44563,0,0,12112022
fc75372be23674cf34433c67642d3614b74dfb636c6925b174e90bf5ec48197206fd2d91226ca8a0146091061a36e56168bc64ce41e9daddb6e946bfef9c8a26,0,0,12112022
b90cb53d4e901a94f9591979a9deed17db2c89870ee0f405a57f6ec262bdb64c3dc080158feaf3b46597c82c3280ff3a8e84db9f291417f0a832d84a061b90c1,0,0,12112022
fa1d0d3a5a3eea381a210350233c5bbc728fe780a2b2b776e1f7089d59dc198998ff8818ecc35020769b5f28c5ecf002f5f56bebc8683fc1e4c2ce9c062f0b37,3,1,12112022
201dce9211e1c227bd72beba802190cb0410c6b7799094854561b9d5248f1589ce5cc05818003e64c3ebfa5f2028985629899a44922546cee764a422a8feec46,0,0,12112022
f07717ba11dbafcd235625b96d31304993f9322787de296a8905693c1a93fe214cd969893ccb3f0867a33fa4cb4959a1c0128628365c17890e480325866b3cd5,0,0,12112022
f7024e2f2fc702ec8d406aac0b6c5cc71fdea010b76b5a9be754b49701ef547910534833abbf2e3c49faeefe00c2bc1af91bdf0beba35a46ee622e6c012f8dac,12,1,12112022
f6aab9ce552f1ff45bebbfe661dd77a8e5618f8472f2c5a7db68d6b058f1d1d54925149861541b46c16e771d28274658a977b67813b4ef56627d375fa51dbc84,8,3,12112022
36dbbf3a805a8ab6d5b91c05d2b5b545b1e955b408854c9201cc8ced5e7043b5ae50c717681025dde50a26dd819a4a124b3f1c1fe8b3165f3a57e5012bece439,1,0,12112022
cbeb66636976abb8e33b6bde721a5ef21a36aab324585f4ff16976c37aef2cc67b10b2052027c1cca09b310f77a6b1e09a75293437e9958266dc2fedb0a40aa7,0,0,12112022
aa36d9384dd72007d2972a1578882d86f5efc7fbe36bfafde9d60988bc116dd76bd026e3981a415f6c17bb04661a33c091a2b2c009384e6b979b08a5fadc2b38,0,0,12112022
457888121fc6c1ca37a05ac2d2fa2deab1337aa79817d2fc89a4caae5906be8b6f4d82d57f63b1c58c84a633f6b48d8b59365619148e622881e0037e811ec694,0,0,12112022
0397fda3af2441d9e3092527582c4907f027c46ad6dc55564642c8c3c07ee7c73c4adffd8e97655b3d209f294e8ec95dfbb03993d7fa7028437e5b98122d6ca6,0,0,12112022
450d3a7fcd70453d661daf86918fe231597370e160a8dd37ecdd4d147b468a50e1791277e8b6edcb240a1830ad1742a5b17035ea66ae484f10e667a0f6633b85,0,0,12112022
e85b7d47782a63ab4d693336bb7364a24abf93ac89ce99a89a81ee48ff3c0115eacc531d7fa0749c6410f8b7e0e189eba9c26c01f11b1ff029327fd0c62b5f33,NULL,NULL,12112022
ad84d622d9759481c6745ab56d41af2f3100120c769bea012977928624826c4a24ee0d10271bf5b5f0ffe4b548d53652a4f8b55b80dba8664c02d51c8d4a8005,0,0,12112022
d13a7bbe4ffd47cb3ed30cb4974373acdc24ae1026365e33b2199a6994ffaacf6e7f302999d3a1eb9fa09f870e715f2738dc73a49343464e5343f1086acacae0,1,0,12112022
900fa3f6e3c649fc5b34820a5a676f51b7da02000903abc9a90cd90f52136a5f9f7fe76a63d698e7226a2d20ab93ab395a012a7a6b4fef392632669ddd1868f9,1,0,12112022
c34ed8fe3307888eb77d10d4e926063b1de301669d76b7babe205a1c3f3ebfbe4c76a07e500e45274c18261acd396abc0e0b860242c5ee46e8aff645e6ece509,102,10,12112022
b8021ec4151b177c7d91bdbeaaa3bb4daef3eaa6c42cc52d3b3680691ba2307e16c15743178fe6bcd51ee8c29ebde386b79366523497e37349b3d1de1e2145b3,1,0,12112022
50a411d70a36eb72eb4f1ffe54662f0913fa80294a3f33a6d2ef20e6af8236e98f23c2e85177377781c892c8f68cfd6113ee7d3897550fdb0edac526280d7fcb,0,0,12112022
40dda211d1735bb711cfc9a352c63268e4b29ef368f7985c46ceae4b7f3bb46dc26387c6dde13104b82611e095f1721f1addd646c2ae5eb282a35b9104787105,NULL,NULL,12112022
8572e95f54347b13ceef943ba42161b9d03f9bc2cff0cc0f79f1d15e218bb524c815f338a3f75468dc64a6a517c741994d8a9918e08aa30682727d5cda68f43a,NULL,NULL,12112022
b0c5388794977302c3dcd62a6db6e6e7509a5ee9431a5a3e47cb06f1784af756fd72e849f33ddd137bc13f033f274b834a7e2d943e12ca3cfd8f28edbdcec17e,NULL,NULL,12112022
7e89cd37ec630fb3929728854f478cbcf8ff5ccc2fb7c901555f3ecff8ce7dfea56fd3bd35e773ff6bb91f910cab73b4765d685d710ffe6192f8b8b8115bb756,0,0,12112022
40a2d9503c0c8b6cbcc4dec0c57302a08c8f11b4ce2d32d54c92d8432f5089d79ca5f2da6a4eaf7d6acd0a70282d6bbc007ac7ebb4d70fcf9342dbec32457c7b,0,0,12112022
207badfe7d547473786d44366682c7b202c2721388447ce77e61de855492617d8bef9173bad8f25325e816d5d4209a4962f86616352ce53bf0b43f9fb092f3b6,0,0,12112022
aca8b435d254b1135180677bdf197f1107f1ea2052453c176436d6b5d2b43abb184408482be5add48aeceb8bd9ff2b9d5390beb41218847d927688cc4f6c8538,1,0,12112022
4954d870d45ef28ab233aff54179ed339024c17e3aaba6a9caaf203647e7b9c2e255836a99445e3f489cc2aa40c285fcc8ef6d80ef697034ec9d2e39b13cc197,17,2,12112022
4a45d8eac76e81418e9297ea9354f23410e9637ce0cb72c6ac1d4392fc713a1e5ac2762c526ea1676cb34ce151ffef3784b37402c68926d05dd8f61d6fbe4f0b,3,1,12112022
c95f4ac6f34ef2da7a076cf15c9176acc741532c2ed0bbf1fd783295d126400fadcee32fa51d4df82692e35bd675a30ec049f0ffad4e35ada66b502c0aeaefb5,0,0,12112022
eca68f3e53426a0eeec0d684cdb9451784875770da0c6104d4db00659d4d83059f31fe9ba691dbbc26c165c4c4cb2d1cadcdbeaf4ea2abed9e35032479c02ca0,2,0,12112022
33f567e8f666e0e2c7ec44a114f6746a46fe80047fcc28c1f746cfe33a51a98c697473dd344cc51f65f0fc411abdfefae1bbcdb7ea0a447dc6a8072469155a18,0,0,12112022
0cf88c093af849186743d0a1749cb4a0ea2d1760da16d1b67c3b2b4b48b3f2620bc7b966223f2a39aeff05b0120ab03d15807dd5d509458ec40abc3f266840ff,0,0,12112022
0fcf159a7ebca78fa0442f1d5aabbd233172613f00855fac9bc08d6c466025e9bba7d82b724c467cc3cef1dcfd2f40682b4144e5b917b9fe12e84b9edf03500f,0,0,12112022
6587711d4640fc671122c32a906eefb570c64680c3b2110eb5ee6fb411b1861cdfd8c4a2b7acc7d07ec6c70ef588db812acc29b76f49c519d90986c6d5b66dac,0,0,12112022
1c040ae8a8da97d52160cb9ec040c12c86f15456a721cb4c478b98e903c1fa25f58bcd82f2ec5b826c31368d240c50051a61fea52d47728e0812dfbc9b08b707,0,0,12112022
1601ba81a497ea1674420bc33f9c418bf7f8b31d1333022e4173a669de60bf81bb44df614306e122e32d1e87db6b6b9d3fb5c6fb5cd9cc1e30f2227b7b85e674,0,0,12112022
ed0056c8ff7791e2b3ace7d68a6f8404a84fd7778c178923e60537c64c297916cfa6c0d1929e2eb60cd7222692dcec47902cc8a7499670e85a249db6e20e88b5,0,0,12112022
957c61268ccfa256c1689bb397d526ed1a49b1665b287e4af1b4bff4c8b5a1c0354f5b0dc0ac149918e2974cc5bb81fb3226620fb8d76757a63c7be1fa144a6c,NULL,NULL,12112022
25274f517f895f91be6b9f0b961b23172ac3bf7a3c29729ad503056f9bce38bc27c179079328a60e591a125f1c7d284bd1bd47c6f7b9e7819f47c74659ddda79,0,0,12112022
eb174d6b9785c2f2b0274c33e31f36f67ed7999df1c303bc34de5160b48618447c069e31a5096f7f378620764f7180b8348cb266678ff1af0e7cb350e8fac4c0,0,0,12112022
97724517e9869b4ba72c844755887ea01666855e53ab8362cc3774504520599b902de052f2c7d3f87cd4e4ed04da3ddd58b3f7a73e691006ac28890ca016d7e4,0,0,12112022
40c1cf0bf2e2050cb1e5fc51687de426a7811c9bf020e09fe32ab403aaf5efd30700206c11ac29ad97d79be0f58555ea412a9e5c40aa8262944f5f028589cf4d,NULL,NULL,12112022
92afef85cf08ef771d492e83f85263b2ee7b789c47e89a6d4ef7098e85e6899f91d711ef6ddfc24d65e05d4ea66a6db908537c641bd496b5a81e645d48c78805,0,0,12112022
c465ad58540f31ca630389027ac6d5500b3f3373f113b55f4768979815a971512dbeb1a7c00f1e0e8daa94b1e5441ffe6e2b2bb2e6468aa77342259441dce361,0,0,12112022
587bea4a5b2ecf0e8b84f0032d6738cec10859237da0d0abdd9bcb3fd7a3a2bc4baae0d4d949c0f92c200fde275bed0d94aa50a60e4c6d075c30e93339fb54d5,0,0,12112022
ec3a01ce9480c5092b3fa8a746a3c4b6c4e863c836978bd75981d2c3cdd46fea645b99d569875472a2d68cdf0b746d194f8237eaca1eb30289309651cbd6665c,0,0,12112022
33858b77763023d96f20ba7451410925f2430ad7105007dfee2efa0bff91cb99ff5c880f877abd653044beea8a2763bf6d9e819a3b21825658c5f5da497a9296,0,0,12112022
c7ed47bb3f1801e0a8552ca67eb07fac1dbdc2b72c2586c3b52e3cbecdff76dc6d6ee9ee0cf005e7929971e716aa3a83904a7e42a5c36e4cb5e53068e123b58b,0,0,12112022
1acd3c677465c1c505bb0bac95e0d4a43a0762b6f68344808aca47e8924c2d55324b037f4939b698b79a68440f9acdfd23b48c35a0f514be63084a576290c97b,0,0,12112022
17c20ca7b41b930f0e063833b656e449ac3ce3b68842787cb53c0db07bde8c7338b75e926c37a4d46eaa7b8f3cc66f1d710be54a65fdf8891ef8245a6f7f78e1,0,0,12112022
ee6cc1bbac2fd3ea2bd0f6e6bdc07afe292fea30f32e3dc41cc8cecea00c5d07f5f7a8e3c3323c360229c6aed309b99d7cff3f1f44fb7ba3afc6723c7dbb6dea,0,0,12112022
c7b5e470f29c4c5d7c9ac18405897dab73e451c106bc3524da4a3fde7a9004c54295c053a0493378e40e099b05934dd5365074ac27a365190a0ffe100ebe2dad,0,0,12112022
0317855f177fda92392af4f4e7c984f32ec4bb8f07fd74f89d29d1d23a6e0dfdd07bfa4886ac9601ed0d667b4a3d9038842630deacad78fe9e53b5e965ff54bc,0,0,12112022
a7a041897fe1bc172593cbf1897220c7a0767efc9ac4a1d15a2889a55bd94250599a1fbe3a20dfc47f080660853ac6e7b10624c9fc34b20686dfee7ef20479e8,NULL,NULL,12112022
9607bb23347019df9e2bdddab80ca4704fa60cfe3ae79463ea7865944d4e9f0172627c51667a15f401791c337c317754f620e3cd47f226e56a8616309dc5ee54,NULL,NULL,12112022
7111d280538e9110d08a2e50c1522241b0089e09d14b0e45d581bb86461aa8a2e2d6a52cf7c78c6f8cf0e957efb707cd388789a78c85face424cadd8cf67f93e,NULL,NULL,12112022
7fe07f81e6f0da1341b385bc99a5e9b16c20c8948be518b835a88eccc7cca9941d7b3897b1978d5941922bef2b774fbbf2df62969fc193a7e0d77b2ea4291f8e,NULL,NULL,12112022
45e40dd0c9547e4d20f6fcc71ddcf75e76879a00e96f9aa253844d59f000f7fa5b54fd9008af81c8a0a02ea7a9023e6dee035d4c6ae7279333724655dbf5ef01,NULL,NULL,12112022
12255cff4ab4f25b04abfd040b4cb68cff0252e1de37526cc3a81c5d9d24e9c601e953a61231e4e56309f6e86fa9f5c67a03ba105a0b73369a384d37a1a3c775,NULL,NULL,12112022
0ec77efb92387e524249f822d1afcf460dc5e7d2088b9df66119cf583a57fc8f3d91b9a5a5e5778d1ec12bcf73f9681a296b7829e92b0c56f30c4c8b55ea22e5,NULL,NULL,12112022
86fc6c2d4ae752f1dee2c44364d7117386b525e04c7a7cfa0d11e4c276e5ea63657efa7e1c86f735a41f5a02e7c44e1330f6b7cc547ddf166f534d9adbe38d58,NULL,NULL,12112022
315a0dc5fb81e72434e14ec159585bb20556f33904234a5facbe7f71f2037ee01d4a852991f48fcb9e2702b8137b5a331072a787db500903816ec0120d0b7c24,NULL,NULL,12112022
f80154a514bfb444832903861a9bf7b9eea6ee5bab6c9f525e30ffa58480d4d3caf6c2081bf526b2e09c1726c25001d67e8365b1d9972c0162565ed77458c783,NULL,NULL,12112022
ac0aecab3432ac72927351786a36558274965be1359e7d20799dd911f1774647da5750e6274c9bf6a8cd04f540743001d44846267c5dfce5285aade41de51d54,NULL,NULL,12112022
4bf48abf671bf6aeb72c8ed893f1f356e6280e9a23267623fdd91d0a8d81a44da875638018aa964916f1716d7d9a8ef632e1855293ff0bea1596af576177b394,NULL,NULL,12112022
e0f5d1535d69024e9a05eaa8772d2c3ee7b458fbbe29ca51a9f470c9c1120ee462d61db9bebd062a5cfd6b8198d53e255ba664bdb370e4a39b35e0b2cb6f2bd1,NULL,NULL,12112022
e5eb0314e1be2e41303e2d82c73c5454ea5914c52e0bb4019071f162cfdd7f5521a68db0a7d317cb11e693949879368672d796bbd8e4432ed9ec46d6bf4f2b8c,NULL,NULL,12112022
3a29514de6ca677747f40687918dbf566c37ccddcaa5113a91b9e9d4eb8ad7727389e2003e3df4aa48e3d24b0c2b607ce59d65075a344237392aefeeec86109b,NULL,NULL,12112022
f9eaeeaa6e7530a06227fb6ee57b9098c47c80a1630b771b1c6bf6fb4f7856e5cd667604f80a7b18b1b6d9b8fc81f56c02487a3033bc519e3d3cbc39fa2e8266,NULL,NULL,12112022
e25baf14e6def846e5290e1e1f0c4e7590fd7d092e0b77d263e56591f536fc0716c28393ee74bf2f8018b268c1e23b02b3123674b50cb4f1c094ec31a9247d78,NULL,NULL,12112022
95f42948384633819e20566d1e26ebf1ea22971ede9a0d1c670d3b5135c5a29a13ba7adea6d16d2cc7e1690442718e515513f9c27b36b68a19a6d6e55e830760,NULL,NULL,12112022
da000e088001fca547ac8b92310ef30c7e554bc5004fb560e3ce45dabe8cc42529d8542565493ffbae42e5932e06d453d8debbfe5bd2378da8cc9a0db5e48b26,NULL,NULL,12112022
03fef4ea92a4cc2c876ef707af6647817569729314d71679b03a21614572ea4ffb90668040889ebd7009f8c7051663e3bc8028d38c7f51a26dff6f557466059f,NULL,NULL,12112022
9d8b1844cf97eff1339cfc2c44be83e2e8c96c7ee6e69babad94aa200899b1f6ba93f38281dc0c1a40044e43e92e85202e5920b23adbf5674c9f63bfcdfb54d4,NULL,NULL,12112022
2e064de4805478470dd87a6540cbc0bc2cb4999d5329a505f40b03b6f62bb8b0acd4267230934456fd8d6c3fcee88c104a577c66057bdd17c8919cf84733e0d3,NULL,NULL,12112022
f35a676d9ff9ad2fea07fe4cf7c90a06bd20f6637af7f14181ade60bcc535dd6bf3e9567a26f7f05ad61745968a4f9e70816b7d6dfc1c6634ef5bf32067a6a81,NULL,NULL,12112022
091af25fa68b238dc81a7b1a94617ef0ed0f37b1dba2f660f552da8f0cf8c750ad362e34e978f8a671bb96862be029180d1f4602f90db7cb5e01d2db57a87d1d,NULL,NULL,12112022
808aa47c1e7639a37d6951ca9873bf2570ecce7430d204728bee5d092f3fd5ce3ffe882e184eb957e0c49a6311a171b44aed634960341b21bb26750ccd6ab6e4,NULL,NULL,12112022
42ec65bab882fe2435b685b44d18a2f42731a679881c8a539dc52b5a2f5664b72cc47fa35de55dc2da1889c4f657e2438f3e1e6e4b85ac16e351a9e4a698e26e,NULL,NULL,12112022
077ce3cac78ec99e61e375b8f721f7f97b022cb0aaf694e863e32af8f887e18cce1b97eca1c153f095f696f2ba887cecba97606d1d5f22dd0a46ceb0d9b82ed9,NULL,NULL,12112022
3f2965d0ba1c2ebb1c442043d462731383696c104b5454cff9006b428a9bd78b94a8afa502016cb39663d1f9d471622175238cca0573f4359025c8c19e968fb2,NULL,NULL,12112022
8284926b7ca386efba84fb99f290f0f2bfcbbd6587d400fc289a6555105f3106331bf31c8faea081159e1f9b1dd8f86a5b6d6645e607b35d5a0acf9e3fd36158,NULL,NULL,12112022
a327c40ecd71aa437913b1ce7e7cb6622c4868bda327ebb17f997d620d1bf4e75add8c03c41f4624a88cfe6aa11f24058e44d444314a03113fafdbd2915cc780,NULL,NULL,12112022
b4411f2f42ae92ebdd8cef3f8c8275db2660c64e895776486364f9d41f1ffba7679f59d4458670672fbbbac504e9ef032ebb150ae9c42ebc4a47c9c1f1d48794,NULL,NULL,12112022
e712da50f37f3c7defb1b44896c73e8af3c24220ebe657d27a23d080f881696986663cae85761745dc111d89dcca043af92951cc25992cd651632e1f0a863aa6,NULL,NULL,12112022
16238b78b96f3b623ec1d6ea36694b6c7a650b8d910978b80d868adc73db090bbccf23f7521579fa40f63b0efe83c701018a7b15682dc2ce94def14aa11c9b8f,NULL,NULL,12112022
d8bc0e746142a2b38e2bdc1c4ad611f1e115936429874131c3b7969bfd28b60a3282db8e579a6990dd473426efe33072f2be3df63354cfcbf6966faff2ea7d80,NULL,NULL,12112022
f1c0fce6a403cbb3654906a02059a7e9e963b1a45ec4bfcc3319943a498acb5a2806620d7d132a32521241b4e27ec8a3ed538412fb32b20648d3a87fa4ba65a7,NULL,NULL,12112022
0e09c57420e26ef7780f7fc282657f1b97fb434eb1f145e30ee67379d10b5fca1fae83df93d8fe02191ec069cdea754f47c3bb515b0e6cec275df5ca530dbb28,NULL,NULL,12112022
fdcbdb0e67acc5117ca5e496b6400377b69661d2d8d821ec5a0aa02223d70de3ee489890f53d361c76114c80d8bdf9381ee8675c44f1ced1cf95f08725adff15,NULL,NULL,12112022
d01607d6916af2a01b13672d7e14020908e3883857c6cfadf9262cb81052d522cda42ccd8b34da610c575a9124651d46d8fd272823e589dc25479a91094d8af8,NULL,NULL,12112022
237639e1f1a2fc7c07d92de724a2913682844fc073b78b595877a42f187d1ba5b73fa5d2aecf91ba6b0f79ae6531877f0540c0e84aa124b8e7d4b40f9a5da44d,NULL,NULL,12112022
112279e848a406bfc551cd27aadf97f2de8ce5f709cea448b13ce6ddc8b438213bea27183637d6e234e39b4dfb95656ea4a011dad214c4747e389200757f8dea,NULL,NULL,12112022
a405f44f0a122927c3eb78a70723f688b88e1119cc2fbd7c77647edd56172f93c8381614194f55d8efedb5ab072c0fccbe2416ff2b82a75f63172c32550653f8,NULL,NULL,12112022
4c40d5188d33e1ee7f1513946e49a4c61d65ad217ea793298d042563e7ce2d7454a938e6ea96c146fd61b7a77ef9a1c262bebb8f4963f86c354ba75434c7fe5e,NULL,NULL,12112022
7db79e9e2f140fa8a8f09f9770e00f25c8949fa2cb1c891e5826b3ac3d4dca9da0b13b87988d002617421f229560ffafef5f74d76221347ecd1e1e971bda46ee,NULL,NULL,12112022
973e6d383c9ed907bb7d00cdbebb8e2aa8767d53a4f073512967ff6277de51849838d6c6e7b6561ce6e102c4f453cccf4235e44db514641c4cd97f8a66bfbfdc,NULL,NULL,12112022
5bbe0e24590562683276a92cbdd8fd902d88547648afed3fa041d8da97ca21964d0c50ec16698c84191d9fadf8bd2c05270eeec551696fbc29e761323524ae6a,NULL,NULL,12112022
2f5936763a8cfb8e148e558e81230786d5211e2ddedb8723bd61a2894ad7ea3fb28e5d5af84feca25918cc6e338a5c2ecddad405c6682f74f4858c0f3e5b437a,NULL,NULL,12112022
c10b8d181f197e7c91accc2356d4b4d8ab414e4e9455d1de5ec38a6f7289932beb55192abd62dbef5483067bcc75f2b1b379961384288f770e15e354afa86df4,NULL,NULL,12112022
8ab4ee03c5a386d4639f04bb56a33e74b790e8fe0192930d728aec664b27eab146f58a1e222c7ccfaabd1806213281131dcbdb31f3dbf711f814023840ba5f64,NULL,NULL,12112022
c544c9c26cc110cefa85d023eb216ee36dbe8c254fa23f4a76a5763da94d621b5c1c9fe0d3ab410ee6df8bf4b2887ee3caa4b3b84f6d134ecf1529ca6682df1a,NULL,NULL,12112022
0118166f9f15196389787f1052b20f4b22d394fb2ec862775f362535fd988839acbe13f56202dabf0117ae2f2d14c1b7a818b9b869f48f7a26fe6078bfe95c2d,NULL,NULL,12112022
b36db5af36aafe2488138ee37e1711a73dcecb18e4c2a5dd9ab693fc34e3118f662b3b80856e6ce4691e63aac079cd6dcc98729c72b540afdf6f35483c17303f,NULL,NULL,12112022
5ba5f9887db50c0ac697fc036c47987240bf2b46b713b019cde351c6511ac7022f8ab34dfd65e273ca73504e05173c45f464fb7723aa154ba43bcc5994201396,NULL,NULL,12112022
3e8c78266f61729a0595bc6d09c8a5b1ef6a0334a615b954b91cd5e48b20d0944dee381779a5dddf8bdebb418c5e33b44d7b44788026502984f0f181d26173c9,NULL,NULL,12112022
7ddd168981501f31b5d6a76fbc151e6f8012498767f02499154c74d5dd51161ccb50c33c3032b20e2d9d9b8e4f219c0d4cbd03804de2d56fef8cd71783324224,NULL,NULL,12112022
2071935e8beef6dd69759b0ac51f2d2abdb9040b4978936d83b2f87f457f480d700ceb81c0d2181c87842b808ad4de9353a116e3e3ad4d22b78346e57c0eb2af,NULL,NULL,12112022
2d6caa2b96c360ad4774157c244453805665ce8207f41f7b830af4e9a51f654436602ba0376133962357838e34fabf4191614f17d3b2ad17bc2bf68c018d0ef4,NULL,NULL,12112022
1645168eda1dee41038a298304bb4cc853e49846bb9e8ef3601134581a7665ae02ea7ed7ba26ccf4adad087f10853e46d4759b00ddb6aeebd61e202bb895a49e,NULL,NULL,12112022
c9021968646a020813b1590c569c8eadcbd3b758f58e143b1d20b49ba0dc60b984b2b0317f7234d3db19685eb52c36f73e6651464cf961eb04918d0196543ea2,NULL,NULL,12112022
37886e231dd3e7a341f5144aa5a73e17b4391d9becb8156cbacee210ba192b396312415b4f6c35d1ef08fd31a1b711053e9cd941e1d11d3b72977a7f3da744eb,NULL,NULL,12112022
d4394c657a7bf52514d8397822d89f9d14198058c14de3478b94e1289997d93ac26a13a01cbe98bb313b5ecc5b7b60551be82c86af1f55f1f7f179bd5d24ded1,NULL,NULL,12112022
ffb8d92d54dd847e2b99f838f77d732ba616305a782a5ec1faad57f47ce3a64117b2db63db9cba98db355640f66d95914c403bb3b08a5e23061a5ee9926c4d35,NULL,NULL,12112022
5f26455e6f56f26425c161700d1ed4f8153d4a844d8afe0ac397507bfa6b9a9c60b01df78f962ab5d75a24c6bd53fa690ea80f5a3705c7753fc2cd59da4d54db,NULL,NULL,12112022
d5ff73773c9f0f2f475addc5a3fde8d7850fe9ed17b44defbbc5fa1c5f9a93703ee5488438dfbda0f24186e59e1142e8db6108873b6ec89ea46fca070c259f11,NULL,NULL,12112022
9cdcd1d06dae17bdbeeec679090b9e2ed3346cd92bb71aee0061cf2d90cffbdb304b68c759832907c6f998d5fb6ddd20c4daff03b9d978980fc33b9bb613111b,NULL,NULL,12112022
3d93c61e1dab99f8fe050398d7dc236da5c68877d3cf429513bbefb80048ebc577f6608316a2c495faab5625a617c62e0b8ac38049db098a828459fbc6948187,NULL,NULL,12112022
6e512dd9af220ec5ddbac6c50e75ad138741db25e2d968a98cb30c093e007a9dc15e905c1ca2cc3f0ed713b5d4f65aa9476286224d57b9a1a85f157c3191834e,NULL,NULL,12112022
0e9b3cc72f6837ec172e91a15c8561f0ba6a5d31ebb57d986e06cdbe4bf586f1ff5e529ee3079fd940c9c58d52f92e1c75848de385a39ae9716baa00b38073de,NULL,NULL,12112022
fdd92c733d2d2e400a37c7e2aecb884d0bb690cb5d3cbea6dc210b267f3b5a637740853cf4b51db8160be59d851adc17bbfbde6cfaa81b979e383e16bc2acec0,NULL,NULL,12112022
1eefa6aa0f4a15861a8191c27ae3e1d5de727e4fc30f823cb585594c5d0f9d89130dd6f12618547f2886b9573505735f23ed6d129253abbf92b6cf6f90daadf2,NULL,NULL,12112022
9942bbecf8a4c1429352cf4a993cb3a8e399cdd05fe702fc31123767c738e3f339076ee8c6a7a39ea1138ff3bf88a3a0ac04061ae809e83fe183549d6df6ca5d,NULL,NULL,12112022
e0633e9d5bc848bdf0d7c1fe57f93c7f929b97a30dd9138db4f4a881e77d8b70ebb1367581469b708394e34c75933d589f2dbee207aa4315592e50020e19a31c,NULL,NULL,12112022
9d2308ff65df05702126158270ef3e06b2469f328c6ec9d18722690b492b9828cc97f4318b3d47b1e1d6733d72e2fb1f121bb3ac02071f77df36aa08ca55a687,NULL,NULL,12112022
6f3e6f8d47c8c57a42f541dd1505d1005cbf71a92d688a1dc42847bf541dc147bc0a315042a948e9935f31876aa4a7d2a527915b8c371f1c0f98ea8c151c7931,NULL,NULL,12112022
d1b2af0bb4eae77342d891f20db09be7489799c201264af7f251f783a60dded1d7e76438f5bb86f3ad55c9d5c47794d93e72116deda162e51a1bcab50e19297f,NULL,NULL,12112022
1f01c0707642a40e6fd18944e698ad91317362131de08c40c5ed7412efd7e1c6f64a3b61bc09a53ab32d8c92f894fc74239ff020c241e4d8202c124741700d84,NULL,NULL,12112022
346b2ce030497642388b28f4f6a45e80f1016da141c1a2a0bb66467bb57acf77c6e6b141d1576e3e3e8be056f758f33b0a5becad630d18abadb6554a47d35724,NULL,NULL,12112022
6fcc0b8d77ce7bcbc3bd6b9b848f894968ecc0dabdcaf8afa3762670cefe3d9c36b6cfe67728df2cbc76077d29e64b9e0aec411eb2ac70701ff1c3710c0ce483,NULL,NULL,12112022
3c059b4dddf61870756e3c929229feacaed278ffe454a3242624643977a2b2eb793f446a02caa33612638931f64f39c5e532bf72ea67cb0eeb1bd86055868368,NULL,NULL,12112022
7081529032ddbadbc524c4cea62643ab5e4bb0d04ca795db330f993352c74fc6289f65467014f6cf01a880ccbad33a0c1363168b05fb3e0a968e3b9137d2efdc,NULL,NULL,12112022
1e0977f0c7e3a686e8daa225412b9808aa057f3caa11eb69853a438c3b769adea4828e13796024d0a7204b7eb67d40a8f62d6c95f1c3def42155d0cb4284e098,NULL,NULL,12112022
57cf127cf4caaf224835c4390880887adce1903d36c0922cf043b389b104e6a93cac0b00aae29c723504148b2ae891fc9e551a031344f16432c278f350ce5e7f,NULL,NULL,12112022
bb0e00ad3da73f64f693e44cf0eee629c30e66fb8f8271f02dff7a7c84e7f15851b578ca4580815d967d74f2d30610a5c437627389a97e3c8c6c9c9f06b0128e,NULL,NULL,12112022
d806bcf05e0583572d605cc0313b42397e4ed9e95b7d6cd50701e505a8353b4dafe701edaa316b5c75eeaf5d1f6a4044d6ac7efb036b2f2efa9aa61def68f32a,NULL,NULL,12112022
5162f6ee4a4ca3642d6313710cb4753ef16b74fd25d8c966e91bc02aa73943bbbffbfde475cf4473c213267baa2a67dbd5818fcc4be24bec639d78fd3f929c05,NULL,NULL,12112022
ecc7e8de28428f832a9a33f549844186eb8d7a5f0c3746d02840aa3bb793938d576e398aaae22fc427797ec7a2210536ed64639e42db30965056b4159701ea00,NULL,NULL,12112022
6ed362e7c8f016620c006389710ab7de409d313a0cd9d0c10186d1ffb56e468b2cf0ff46a77ee146e6387f5bf318fefb50959402831ad014f95446f7d73b0fc2,NULL,NULL,12112022
8cf7c00448aa2b659370b9773aea90fea72fabe92d6a8ef8e21b8991ae122aff63888d1f781ccf493e947cec6c237d9ad78b499cf340751da481166ab9c11c5d,NULL,NULL,12112022
b3c486c43d171662da0057e35d211a7f73a86d78b88eab037f498452b1ed10978021de8364b0073df09cdac4406f7207b72c98e996fa49a67fb292177cb3a3de,NULL,NULL,12112022
29369f22bd0498c3815d198122c007d024534f3706afdf52e36c148e3f5f7771aded49f505fb22e3ae3f2f4a8a119f56a589fc6ef71f87929f9e8e01dcba8ae9,NULL,NULL,12112022
7ea74a21e5958f4a17fc3f2eb3ff244951ae105e4ecb29bf9ced3870b59eb960499ead7afc56c5050aec98e738c678881f50ea760ba19a226916e20f253b287f,NULL,NULL,12112022
7202ac27ec710bf74dfa7dabe4167b2804013d868a898df19ca4d9c43c1502c4ffb23da65f08ec579d169722ec2fb91068c7b9d5d759e3be4a91d4e32e1504a4,NULL,NULL,12112022
b0ecff31557ad68e31d212463b293ffaccc89a6b94506ebef29c095c071c146bb66699f60118c761016b32b4b2ecfbbd6c1e1fd996ab59a24fae85a865cff51c,NULL,NULL,12112022
bc0315d1b4c90b417c346d945cfbcceb6a1fbd3925b316113d9ee97677b642aaf804f95d448cb542404e87cc5d0f384b99f438c10eef48e162f943a255b5f536,NULL,NULL,12112022
0b50c06d1bb9b155df8a4b0b9a8b517c090bc3849fb4d460b6a7fdf43bbfc861c31c1253d4258cd29e7acc3f22d975c53eaa67b674de288106bb026633608395,NULL,NULL,12112022
823f11028dccdcbaa8ee7fc971b20f2b5face203c8cfa1faf2d1a1d5c017e469f2d05141ddceee3de343306fe7ddd9c18016e496ea63d9575f2f72f2fff1cedd,NULL,NULL,12112022
802406aeaab0051085aec5a8708ff50df19df78bccc85c2c901fc523140ae812a4935ad1b7c4536b8236c1e91027137a9bc7f8a9d6ec931f052d12a6b469b7be,NULL,NULL,12112022
06c81c5ef752c02fbe9ed8dbf917c955f089567122039fbd3b62e4abcdd56a75d9450b636cca52c720305548fe315ff5f0f681a1ca6bb4f262bd430502e7aec0,NULL,NULL,12112022
8bcf8fb1078ec238be3f6b81ca139a0c1141ef46fc8752d6564686ad92692a83eae3c5dbe8b08e949e48856cba77d4b088b3e30b09ee2cbe49fcce577db4471d,NULL,NULL,12112022
66e6ef9407bf2d492331b8c1c583df19d01b332215bc4fe0750aaf8e7abf6cebf92ceb45593d04b8ef48d6d62ca48e65a5ce6c7034ced36b356b1d2dfec216a5,NULL,NULL,12112022
42cc60e078aece6e38de4cd5ca8a0cfff6954de431a49e830c3c8cea8c17cdcdfed080a945f9d5692c6cd5fc2541e4dc9859be43b8532d25e27a439c6560f858,NULL,NULL,12112022
9d4f929800b151b0b0e7f2c94e14e209ffe5cd4e08f87f910056aa8107818fc35bcbd21a78a2f4c1b1a7fc8c19a40411d8286d1a2895cad68812a74e892a6607,NULL,NULL,12112022
0062b02ba7ef9ad837a842acf5806ef6ca382eee03b541905007b55a4e2539fa8715021467a691d67c69a493877d2a83f17ccf754256668969e524299683b7de,NULL,NULL,12112022
e6b110696749d542304d56ffe801649dda3942b74bce53f7c7d2d69a7f5a62b5f1edb77928bbb0a5d8949506e31433a5d3cf8f21355000904e80b7c0724bbe66,NULL,NULL,12112022
85730849ff7f7b55c6c87082eb9cd63a3e36aff476f6751819f246ee83836935724a6380123e9c430114f86ab7fa3e3dc830cf4ca19c8c8d7ecc420d240bf769,NULL,NULL,12112022
3960c49f064621cd54c2a7729810245bcab95140bafff92d82952a6b6baf3ef6c4f557b008e5b965ac52f651ba0295399a4bafd42934a2abad8ca7f941a77ee3,NULL,NULL,12112022
90a7f9f1226e298f50b8a8fd4df93c1a6fa104be208082aec9a4aae2d8ad1e22ed65d5eaf1f2eb09e653b0fac49372e4fc949480c6e401648782971eed4d8f96,NULL,NULL,12112022
f79de1287e228209260a272c0a22371d4645259f2a3e5162f078dfafddfb24b858482d0a94df22b4c009fd5dab6ae255606c24ed9064da30a85f5f2354ddfb66,NULL,NULL,12112022
1fadd4bf5300befdd858e8c95f3ec2f3e085b631e0521a3e9830f2897045d60aeefeb806ebd49e17f9116939c32a4ee277fb5ad5053bb66c6c55bb43985d6615,NULL,NULL,12112022
fdd7f2eb1b8d6f2927cf49af86eec65f1fd42491ac4cb3c53d03e4ed289d5a62b167a5a8b83a7984314eaa41324fd3617a3541b5ceafeb1966c53af5ff73ed3f,NULL,NULL,12112022
3c8efb2c26da468ebb0274cf79a7d90b9d7fec8ff34c9eada75bbb9f1272513648671b203be5af939c464a9a5b45073d59ae04fb81ce8524eac02c8cdddc4389,NULL,NULL,12112022
b8bfb4879e4fe4bbcd2a283d620eed6ace6140874df10725827da0d249759c41dbc1446724885d10adb1ce1badbabaca0e2d6b70ec8183e636ff843ccd5bb7cb,NULL,NULL,12112022
1822bb3a3da8718554e49a259c9941bdca3af2b8338393cd29b6cbb1a2fd807ee0c7579ec6884c8a313fbc2ee56199a033de4c2ad82455bad8b5696ce83e4d13,NULL,NULL,12112022
71d0bf65664cc021dad5c3952a13341c2a8cf2e32c60ed39d42209f12e989468610b942d1ce5482259f8a3a86af0afabbc6f8d347e91eaa31ccf596d2e135049,NULL,NULL,12112022
fa01b1990d1906184d5716ec24ec0456c341a509ef0109fc95c7950841941f53aa550741cc030e31e002ab9330314690688b2aef76e03f37e518c20c058d9c33,NULL,NULL,12112022
97ed7a3d4a912de1b3485374da1bacd29081ca826adf070d84f874d20f9511dcf8c63339541cef19579ef56dd7d5767d0cfa2d4784f86f69c4d5618da6950020,NULL,NULL,12112022
eb9687c755c17dfa97f6e07fb710899cc60d2dd1045dd5b00a4f6dfb0d67b47f90739d7f4eef74969c0c0573d9e34066e0bd26b98140c50f6ced6b7dbb0013d2,NULL,NULL,12112022
f4bc17e2765b7713f5f1f8bd421980f99b027e54b9ff79128e42a5d2891368fa49d60c0db04107dbaef5436c0e71ac02ce57337fe97f7481062f47d31365f1e4,NULL,NULL,12112022
3324954cc1e52841c72471a9da27e5bd5c4c74d67be5d826ae1511ba18ff3449a8d937e370238ad2874f87936e641965a2dc5f35e7fd7ae247e3d704e9f15f12,NULL,NULL,12112022
5e15fd51822b359688a3fa4c94664831f0f5f9166c891fc02a23c4dc0e19253bb459727715a03c7f6ac9feace649cd68e6b4747c86b5361ec98667f80a34631c,NULL,NULL,12112022
e55d2aac5b1e6fedcf76048ad55367863f8e52f42e246fb260ac3ef2518d781a20b01460c364e2d55324725d67031b5d04de9f5b9c9aa149e7bb127b65cf7b4a,NULL,NULL,12112022
bad045c79f29ae22791014d768a0b9f8896a3414734517ee2af051da2e4281572aacb488b580fab903737b6a721036c56bb2cd91e60a384f5669bb92f320c667,NULL,NULL,12112022
28ea3670f5329b0595d8d20d7c22ad81a29cffb1b0bd49911e45a06bb8a47bff434a99c884065454fd377b02d9f1a62817e74b8f959b4f6bb67ecb006fb6ff6a,NULL,NULL,12112022
3cccf49372f1e9731989b6250a73a46bbf9d0e260995a242a4c0b1460914e133b2cb9cf64add27a5ba5452a9096e4df790c1a887f7075337230eb8a818076829,NULL,NULL,12112022
19d13a6f6c545a5cc9c028cb10991bd4d4105db10c53e361bdf89666425d23733f1e49c8b11705be417faee8be0bdea8cf09fdeb7e96989a0e23b7ee46be3084,NULL,NULL,12112022
eb8ff987feeff15f51ae68a51efca71d573db8e4193538d99a8e04a043ebc029c8d3a1c5d02b42d2b31f698d90320181bcebb49789c71a6c3a9aee1465e7598d,NULL,NULL,12112022
41926e849feecc8e610c434b3dc0e8848239d0ddeed93f20e7a4e300ca2c3fe38e1fa60a11278d4dc0923e2f551c03edc4c06cac65573120bd71b4178351db0a,NULL,NULL,12112022
92f49dbcbfbaec0f3491e790eb2b2f06335fe7b945019d069176fd9f3759b09b86704e819482677994d3969b96b0b51065cd0fc8712b5ec472c227b2f76ce061,NULL,NULL,12112022
40d85a973653c2d629829cd9dce001d502063ef7978aba6cf3eede9666041b5efca22a55c78e05ded811545f69ceee8944c26913292e7632cc658b3b6d211854,NULL,NULL,12112022
b99b72954be0fe2968ef91f2b258269aabb00a51ebea7a9564781bf57c2af06b4aab3779965f1237577764f7113b847810977996e91c5de72d45db9aa7f4a918,NULL,NULL,12112022
4e4d196d0bcc3e426adf9789f70b3e9272cf623a1aa29efb143ef07b80e6d3c00b38147ea4cdc35c15f2d6a360188f2a7ff76262b00f937942018516699244ba,NULL,NULL,12112022
cdf4d86d64998a4a8fa78787186232b90b8c00ce39c397c4333fc73f8be535c8327856790fc8899d615a1e5c157e3fc0b47600dbb8fe5fc0758903e93c7d365a,NULL,NULL,12112022
f90b8be4c58eef23966fa77e0d7f9e536aed1b16000ffe18a8d5e112600bd631c170b1302f3c15b917fc1d78ca255ce6635d67b4f1225f43a86496055f82b5a6,NULL,NULL,12112022
330f82836fbdc8ae4f70dede49afb0c4851569c92002211a2acc1c7a76c990873da32974450f4f15fb7b46025f4935332d3257597e62e482398bd83627332524,NULL,NULL,12112022
7ccbe19eb13feaa2acc1376a257d4b8ad179197bf6f11935e434ed292d87f78aa23258d57b0de765387c77c33a5708af4d7606ab6791217dbbe82ed3705d71f4,NULL,NULL,12112022
fbc7af4a4ead9e965c8a634e46e9cc9cdf9ba646a4250bcf8efaa3ee45073986ca1507806401b78ef071f5d03ad85a720f8cd750c3fa1dcba9f80bc5f56f63bf,NULL,NULL,12112022
2a4cbc1ee9acdbf26da8a99ba438b9e152e9fdea64dcc5e4420d65efd834ff731143367d81ac7d48d5df78c494f3fe051634efae146b71d432e4d778e8f3f632,NULL,NULL,12112022
456dfef46b7fb1ab75d9dec613eb126a257a145fb3a37d3e8ac162fdca566d63759e6e5c888467899e343efba4bba69f7058d13922f2486ad92b9b264b144830,NULL,NULL,12112022
91d8d5817eb2a491729e4d477393450ce30dfb85057a3c768ce591b46b1859e4822f4f4206e3148cf37bf2c85be2db72cf3cfcab7ca90ac57ee2945de0730a6d,NULL,NULL,12112022
3f7932915827515ea1ab5be6853d260b692a9db21eecdb1481ba14370a0432999fabed96d4e896b9d91b177213c72c2900dba1e3dd3cdf64d2204cf7becd49d3,NULL,NULL,12112022
0b7efdb64b08c55e3163493c1e5bf692ba089200488daaf6ed66a6a9adb5a919c1aeb7a2975060753a3b35fc9ad9ede2b427cfd86535a170db55842299c3b6ba,NULL,NULL,12112022
5ad1f5fb4739c339057e7aba5d48d9a62e24dcd2ffa6844e46bebf9de6e4f9dfb46387022bbb6b1eed035d93e3f10eafe7d63247fb84040c0e057f527bdaae58,NULL,NULL,12112022
daad8177638575cd918de516e77ad648dc5307dfdcc261262fd55316ca198d04bcf8f7981b20de1fa432a8c0515b821d1a63c50d8be8303811bb314b3ee7cb6d,NULL,NULL,12112022
13e231fb6f26d5b20a6e8d932d05b1510a0c6e5d8c0d2cca25827ee42d4ab8adabb43078f1380e863a790ebeb5996defe0ea7f2208ca7814902c33babd9c20c9,NULL,NULL,12112022
4dafba7c070290eec85fce632533d77cd5e2b49bfdbfb801df9f48741be10f8f65f2ecf0b014b9c763dc03d29c6b59b4e6301096772d7c3f9dfb5dc6239dfcb5,NULL,NULL,12112022
025fc22717e831857b42a4c582da95ff7da17fae57c85189a42e3348546ecc0c5f486b7fa948abbed86d5dc0d4cea78b5550d393310af17e16b30e119c552f35,NULL,NULL,12112022
16b06b1981898c1f9887f435dc3b6bb266e30b4a70b56af810c6077c7de5e69d480c45da181be8f7c3ff0c41215deadc779f80a1fa1d10f6a8587c62e583d142,NULL,NULL,12112022
5880afe8f0f85f01688131209840d2372bb3f51ec9e9ec389bddb2bf46a83dfdefca63f92503a4c64a16c05ecd9dbe627e24d0b5f69663f92daefc117767f858,NULL,NULL,12112022
5be8c918a7b31c62cdeae43f1a15a66657a34072412123a8d7c0e8c71abbfcff86237fa0c47d731d117f8439a20e5da32e9a910ceca82298688567fa4d9b5ace,NULL,NULL,12112022
4f07640d316a755d8b715ddd5ff4f0627af0d30e691e993cbd0b7e83cc16520a39b642b101172d7e823eed0fe0bd30a2f6bdfb1a47a1b1d04af312736842754d,NULL,NULL,12112022
f29dd5f8ef7e38214e1716764d5dc98bbb987e1f909ed5786b31216bab3452ab3147e63e9133ab8564b63de9f85b6e44c250d7a4b8c174d38c8bff0b799fc023,NULL,NULL,12112022
72b7a98a87675e8934782c594ddf1744faec484b3c0075669bde330dec7f369db43a16edce21b4d226e9d42552291286fa153468e4efb6e1e1122f3004cbed1c,NULL,NULL,12112022
83cc22421690263f05ac333ac183532a0a28c02c2ecef4f1d253c10db5c48458df08304eaa52374cc7dd6361dde74d56a8d60275beb37754444abf8fb6f8d246,NULL,NULL,12112022
0eed881fbc6c7320de9ac330973d15f2fb83f4d11c4ef6a6701df377689413f71f93ce9e1db83f220c6e5a7ba83820755de35b16c78d4baf504c1dd8e894c945,NULL,NULL,12112022
78dc44c0e77cf896281b557276a43a994b4638f5e6dcb1701083ba3d08ba4367443b5dc384bc481a80c4d1c0cfd4aff4b4c5341aaf19cb06ce5dc97740f4a6f7,NULL,NULL,12112022
4ff734c3155b5296dad25cb9c334c40b03d2b157a50b25949692ddc974da5973b3acb1d7fbe63a06497511618d8181d7525ae46282ac946f4fa5611279c9b1ef,NULL,NULL,12112022
f49b69fb232fbb049bac867c7c1a75cf31e22814f7c6c74acd036c78254b07b5fedb35d01cd2c700b89ef4a4b38c6039044a0c7fa2a32548314ad2860bbae1e2,NULL,NULL,12112022
b95591266a7f878da36b574d05cfff1b777ae57078838532ab04dbe9654186e1ea172c1123e5c5ce7b7e38fce639d095e6427708bee68bddce34b5c7e2a6380a,NULL,NULL,12112022
b59b634a327bf92703cb1485d58bac08b900707ffcdaa41dd987b47d5480dc67f51bdb1368587e1d5507ce8bf2e92d48112e1c5657b24dae9b016e5373e4a73b,NULL,NULL,12112022
7ccaca6480b183f85abfa5c78777f37a87dc9d9273661113c52a3d88589c9f009d235a35b768a33b73c5c01a69be860150ef9638f836a077845f734c645e3ba8,NULL,NULL,12112022
fbd60c191f7ab163dc86f1493383170dfeb5089856da33e5b6c1a7f314a4056c2567614780cfed6d7388c01cb3244854eb4a1ffddbab10417a2198c7cda96c13,NULL,NULL,12112022
50767811fb9f04ebae6d1e97759616c08496abb5b7609752ceb8198f8ffe098e99f4f8bd06c2595c813a6dbe89df83603ec7f9758f401b977c0d1900dfce6fc7,NULL,NULL,12112022
ff34e09faed42cf5b79741dfc1f4a6bde02b831cf0e5f0d97ff7c284a3bb4a2e9e357366c8905f4372b9445a5558ad7b2950703bf4f02595e08d13ee0c518a9b,NULL,NULL,12112022
2475e70309d80bfbda3feb7f762862514c1f8bc5f8fb7a6b4e61f2e1448e5bb07cd7ac9bae299034b379e6fb4734a9a7e47dc69c5f82b64dabf23f01721dd10a,NULL,NULL,12112022
c79f71f7480c3d201bee847f20f5abca543fd1365da6d678ba2223e73058baa1a8bd84a303a5db4308f83a05bf98b0c61760a1544c3cef5a46806ff45020989c,NULL,NULL,12112022
f89357d539261fdfea82be7c799e7b60f92114b11213e0de2318ee578187c13b7656c551ef310c62f3dad6b736305a5cae5a1ea8167c04c629395979bf441c02,NULL,NULL,12112022
09eb7dd44e781c4433a84e8c064d84a6ae91b4f694e627697f0e22583b4eee3fa1a95db3428aaed722825c782aa2d5fc400644874be60bd346f7b28ce521e709,NULL,NULL,12112022
cf67b208bb38f09b0c091ede5a39ea19012d1ac66751614c66c6dc2ffaf1d60696ff47f653e8b10956882cf77e167addc50c9612d28ff3d5b81103aa40a3f018,NULL,NULL,12112022
4a67b6573ed51a53e2839a9e3f2a5aea06240081b1206317f65f9f09f27cf2bfecaef5747e29645cf34c2cce0a53b70e2abedbfa170433a6f4df846567b174e2,NULL,NULL,12112022
c8f796cd5476fd367e6a81fe04e5ae5cb0d343644607587cc88bcd4126be0810d6c1666d261ac48df9b002650e9b622aab9a6893e042fe2cc470b4afdeeb13ec,NULL,NULL,12112022
5cda63b6409bba81241d7184e48a89f60e1e313ee7b572c947baa49d8309a1619d9e63a1b0607c02b96bb27217b272ab72978f5e96474b7c5b1e79a8e49a2580,NULL,NULL,12112022
39a53bea8732b615bfd539c5e2f875a5c7e3a746a53915494a3b1ab7f8863d0543b72ab1a2b444ebc9ba718c16c51c4385411a73d8458e8ae69b4aef8dfe1a6e,NULL,NULL,12112022
a55c5e166b9d1b24cb3b84dfe92330c010cc2ba606066744525c5921ce444e1c9b3b15095a7aeb94909847e530503797cc5fb21b4e7095915592281919530bba,NULL,NULL,12112022
784b910000644b695534932069b20b1f344ccd3ec9e6dd7cc54238e6f8632434e635d064ab5ba737ccb36efc35fe6f4d9bda6298873154a2ff93e5c40eaafc52,NULL,NULL,12112022
d5a2b9eb296af9d660baacf783b1023ed982b9cb8cb9d556f288abb09728215b976255cd8fd24649adc0bd2a0d8f5dc57e58e9f3a44a1715b4434ff98c43f7c0,NULL,NULL,12112022
2a711d5c877c14e6ab03b160d3e4bca213d3fd46b61795cd7b0929a5cb68cc2a07e0077acab6614c7ad949456cc10e8015da91facc7903fff42c1d507a374857,NULL,NULL,12112022
e293c769b0b44d7fe930847b5a7e35098355c1a7d0e163427b31015fa5da149f362730a08371f38a915796c3ea3c61760c78fd5bcb4799c18e5e4dd6e53991bf,NULL,NULL,12112022
94fd6bd70b18a4d6b0d8f738da66fe945e7335bd942b796ba813cfbcb2e3bf68d81d8a50f91c259e8cae7d90cb3da87fa5395d29b554e825f55ad005329233ac,NULL,NULL,12112022
6d1fa379df9d4b522e7cacfa754d9a9c06fa51dab3f0e0321e8c6ef10693e2ff662cd097fba76aca1593865516400d33d7b0e358812137e974ba00f98bca5e6e,NULL,NULL,12112022
802687aea92df27ba4f1a19d992a2253a2c535b5bfbb64ac375b270f10644c46d78939c578573355843a0175892741bee8ab30610064d89795e4004a600f95d0,NULL,NULL,12112022
33e954017d2ac4aab58375f0f507d91dbe41d06f4fc71fba8a2e0482c6b2368e20c70d46f0d84dd812959dd1212ac63e1e3187d564e888268af5549425eddc18,NULL,NULL,12112022
0fea6196c35ab56bc806a2689860178b7abb060cfe439a44e2d7ca4bfccf56817e1569f6f5a8ef0b1f8ff291f1925d3c1c32c96e0d3fe5d6930c1d70fa6e7d43,NULL,NULL,12112022
1968d3268b427d8f80cd4d18cebc87835b53f5933905f30405c155889510a011ff562a7dc9b2adafd2f7ec5b23ed843999442d7847cae6c08a3c305c2a3c6717,NULL,NULL,12112022
74fd65552344bfd2f3b09722f3959a10e5d03daaed98f112c2b2b3347d8cbf704e8f626ae949f2f621f39b6f4386d96139314d2f2b8ce058800c461b34b3acbc,NULL,NULL,12112022
9fbadee241dd086908d20de5ee4ef0aada0699b8849f8da8c54d9611e71d1996bc3ab4fc88e122b8228a97a937e94b8175c3742004a0176ddd499214322a5e7b,NULL,NULL,12112022
c05c2fb370e3926d0b1928f7c9b8529c210b7d81bcacc49c88ae0ff6198ecd9ef9769875e6b1e69a74736532074fffae7c2c38bd6256632c8faf41c3e0cc86f9,NULL,NULL,12112022
40c4cadbb89e474bc02aff57477e091bd243ae93be4f6b10a8e9f632498288acfee49f9c3eed765552517db6663be10d57535c88569ad48773e237ec301f5a09,NULL,NULL,12112022
3501651976f33070a51c27f62ea1f20ac9168a32827ebad47c51bf730c9c5ae0c8336cd134f5863148ca24acbf80b6b773f8536fc55ed55d3e1b70f420f11969,NULL,NULL,12112022
e894984e12ae3df9b52b8ebe997a1f90b8467c483197ecaeac8d6d7dad7641ec0825347aa821f3b197df25f977b18b9dcb30e13730b3b5800cba3b38512bece4,NULL,NULL,12112022
c1b9cf08a515acf78a73e972e084e2cbfbbff6faf3a9d2de119206cec181f41ef6162c695d61184ad21e196989a2e6b1f04464bcfeb2a7832a4673ba2d75fcf2,NULL,NULL,12112022
871db1d46b7e0df902bf5361c0c286bb1b298602cd18817493fb0b4cfcdba133054f21ecf6bc656ea024a80c99e83d26bf6446bb14c3284fbd3d9301cf454878,NULL,NULL,12112022
033cc1b698d682bb2c0d1865f706a045e986d07499867efa8221638410505d27ea57828ea86f5d3d02be56a8ffdee128c11fa4b9c16807113f03fcd5537e089b,NULL,NULL,12112022
25a08453d1de23f5e0b2e3288366646bbcac1c005b0f749eed38e4b95a169b0a45562696afae090bd5691df2e105a940b07685f9f53e07c20c5087262cde48c9,NULL,NULL,12112022
ef1835c358a1b81394ef1df80126652ef948033b5014baa94c31f1dadc256279c1aeb00767da196a25dc573e6f16d3780353d15c9ba3fe9acf9e0822f0db9f49,NULL,NULL,12112022
1e2f6afc8cee406a0e2032c2c6363ae5a099c63a8193fc4a3aa9ffc112b2e89f77ebd16354d756420722b1778ab7ec91ed7d8a2594d30a8e4c13a52ef5153082,NULL,NULL,12112022
a8a47401049030b8183b67e12949350a381b9adbc5ddba8392b20542ea29d6553348a21c1a7709d20e629aa6ba72f2422481800b1dea599ba104ddd1e5bd6cb1,NULL,NULL,12112022
a1049a978c15ec14e7b92f8f0f8aefb319670eee05bc9a60d66130892e688a042f6427b47fe4de7663b930f3ed460d63815066db0ad7476aca5c11af23b0bd15,NULL,NULL,12112022
d607161f8b8319a7375738b955198623c56c0f77d798440f1a444ab5b249455cb6d4261a2a9ec52cfeae20d4a3450725b0e1bf93723360b8d09af8fac67b3c76,NULL,NULL,12112022
0df830ae0f59f5615857d10cf1f03ee274c5425ec911cc2e31d86055223097b9815d897c263fc8d982bf2c7d56678cb18e33e76f07a2950ff9dd32359185f025,NULL,NULL,12112022
b9d02e381df51302455b7a8853f81091fb42c7cde2b3a55a57502e6f8cae6426366fd498ab0a962d5f5d878efc3ca10bba0e1bcf9c47c1d3c40b11902d7f17f8,NULL,NULL,12112022
6773e4013375e9edef76574d667e6000fec60a1eb0c78d35298666b266909455d647e317c91632ac4009e7aec0ed901c7cea355120e5819cc6b3d40e28e646ac,NULL,NULL,12112022
f941d3a6cf2ea2369cfe5074680c843819b59fc63286344c9caf6a41058b3e28da3e7f1aa440960a330bdeace74eb76b17bcca18bc3f61f35fe18cc650f49645,NULL,NULL,12112022
e255784c36cfa2551beae89766815f2896555199bf0d3190532f261ea887475a05689dfaf751dfe458cefb20791c977a001eabe432928b20ae86c218ee9ffa75,NULL,NULL,12112022
8e7cd572d014e4bb32fa9e4556265c421bfbdc269cbdc23fd0ab3be7db6a4b032b29be28e277f63054938d14ccbd2a9ed2d2d1de95521a94321c93c5b3d4872d,NULL,NULL,12112022
03cbe022406edadc6b36a01ae2d58c00bc625d163ba897eb3714b9896950e04a61cb3ac74c447558fa3029d89e485e6c86f7849a32a1a3a1a718887c1596703d,NULL,NULL,12112022
2453de29f60f2bf5b52d299b845d0dd9a47627866013224d4fbe0e8f320fd54fb22a65da8617a3f30b674ad7e55281af10dfc514ea21bacf921f621c9677548c,NULL,NULL,12112022
18876a78190ca94f062ad068b1e5186794b7e751ca1290493f425f3df3d5da8e4ddc10395064ac11a59009abb39cbd788777d4a0759d24fbce9bd5da7947a86e,NULL,NULL,12112022
143d337399e8242f7d61b2b551c86cbad980c01de064a05603ea6099cd99e9baa5c993ac87fdea5df2eccefe8d8e1cfa8c1eefa5068eeb2f5cc2c274709029be,NULL,NULL,12112022
59d45f350ffa89712027d85cf27289544285865430f45f786441b14abdbb379b474c41fa0f1f6eb7f3adea1aaa3695e776e9062e40b81ece0a26c0173aebcfe9,NULL,NULL,12112022
ee79969db68b1188ce905a5688d16eeca39a703e8cc11f787330ae467c1ff3225cd0e4856f67a671cf05fd4f715b8dc1f0d97bda51e863b96ae70cf052e8c828,NULL,NULL,12112022
1f171aeff94ccbf95823e7a0c1287e1e7eb28adda9afeb7fdfb31ed08168d6059bd02c598d07c6546646fbc439b5206121ec22d6bb328de77118669c5882b1a8,NULL,NULL,12112022
4dcc9ae6a80eddfd4d4b86602e78b559dd05bd6f2edfd113cd0d30537178e5fc57a02d0d64c5d053cb2956a961a4fc3bca107b86406418f8cc96818097880787,NULL,NULL,12112022
6a7b68fcaf7caae352c1e873c8e964142b3a7cc53874ccfcf66150946a06b75e03b0c14ee239728504e8f23a38012964debc2fa6b3df735990aa14bde42658e9,NULL,NULL,12112022
470ff81dbca2d22a44914dadbd223235129bc1fb79db3c17183670a04a07aedaa53778b7607f4268b9361be700b866f3cb81b125ed791a95573ad280c8add960,NULL,NULL,12112022
2a05749c582de7d325f0bc314daa632156a348dd7982954808293ad16c7e2871cfb71af7c2cc11816bf207f617b3093afa451c5f017280a6b050e0c78d9c8f49,NULL,NULL,12112022
f083c69696a3498b03ca9f6684c291e561d8db230d78910b7e0b2acd019ec5426fd722553795b660b89f4bf66a293c4bd6c6120d79fe62ce391210067dcb8348,NULL,NULL,12112022
7a6ebb6f20687340f0f7f4c0e8677cf552a513bd9ac282c793defdbbd415375b26ccd0a447608984ed274545a4162f2f8c67a91d1b699789f0c77f48f108b719,NULL,NULL,12112022
0d777cf774e730c80330b6ff8b10c86740ba4175a28c06db4447a7d7af93de9cbbad1107acd860a2ad77ad029bf7e3e9a2f694c7036b5bfe03711154a05f6ff9,NULL,NULL,12112022
45d9ade4b8d099bd546f19336e46be0015dfd23a4925e201665c18374b53445346353e0b5268e4ae2b277f7f35d41ce804a413be204c65553fada342bc774fca,NULL,NULL,12112022
235257e3e6ee51a647e29f28a63cf6a96b0a74614bfe5cb73ebe3c99f60fd60333f9cc21c5a0ee3eea81682c65d282a05eb57ec90999c1f1bb656c81458a568c,NULL,NULL,12112022
79a7f228e59a71855e430196c9c535641294318a9bcaad405dc7aa3a46e1529c00c62d3f6ca3f3a83d227d1a713cbf42cc3ab50b79b00e869b9a8d4e64f55e84,NULL,NULL,12112022
7ffeda7d37f1d7d15c015c12d396047cd28ca05aec65bab9598f5838733848fa902c63d0d1aeaa37495b8946e37ef5d939bc9f2a638d4620fc32ff8abb6cbc9f,NULL,NULL,12112022
0d19d0dea3bc63fd7193f4167eeb96d0d2329ead39a11d2f3e57ff341ba28dab93ffc5e5b98f2cec2124389b802a0d9e24583c1fdbc0bb8ec8ce6e47f1971fc2,NULL,NULL,12112022
69905a28e5beaf27b63a879347c7eb5da0903737791a1ab08d5b1d21e93eaceec15c1f4ab4854388f5911d1d39abed1102d34e315bf94f37e26e5cf753634743,NULL,NULL,12112022
a01a646041c284474b8042511742d7c00e5340a2cf404f56ac924984c05345a5e81d6892607cb3febf1c7e8f36411704a30352773c5a5ccf8d29c9b1ae668fbb,NULL,NULL,12112022
f914449f4036467f59b40c33ea974458d3129399230a48937c7d4979ad971ba9f294adf419e3eef8f4366635051e58fe2a5ac1e4dc662120165dcee845570f61,NULL,NULL,12112022
1cf15fd01e21a1c42ea48c63305151fa454e069a0312fcb56976aa9687fff069ef7c6cbb9be8230bb786d400d33d0cb692380f5a9dcaeebd377c3ff74c18a241,NULL,NULL,12112022
d27e3ba49a2f3c694c8a947f3dc94e78ffb383e05ac7bcbdcad29a49abb93046a2ab682906a31b90c40975d0b2e714ff9812efb1f8023cc621e81c3b05f3d492,NULL,NULL,12112022
5249645188b8f3e167b6ea71d98b1c45c0d681efe555c91cc926786d552413ff5e95a80d6661dcd66cd27275b13cf0db8bd09df15df36ea57d54914672dd40ad,NULL,NULL,12112022
45fbb3a469e731f54a49104a08e4cbdd05d0781286bac67b40b3b9af9acc0ab16fd2915a87ad081bd334397edb805320c0388f62ca3341668c9e7a9e5abae6e7,NULL,NULL,12112022
3ab22e436af78552aefaad3ec00d1fcedf5ea49f24861a9b5505a30983e90bc866073670ae92e95777418fcedffd7b53f8feeeab2dc0eef373cd11f0d46f8e62,NULL,NULL,12112022
5dff9ab757b8f0ae5ea2e842cbb9db1c169c2324c206fd6533045f71b63b5c6b1ed394c840d1d90683679ea26223540223d6541cff490822d073c240ef2e4870,NULL,NULL,12112022
793b4c17e012df11d9a792c5ab57dcb595a34962f4342aeeb93aab642a2e9599bdd0c795d1f101c652c70df547df1030cd1347a9096646445a470b27c4d3360b,NULL,NULL,12112022
dc62927b1c533c0e177a6b2eebc604043dbb48a677063c1ad40fba0ce10f28978def42b83b50964256fb6352ffd28de025ec4b8acd0c4a6bef3c11ec1269bb9b,NULL,NULL,12112022
cba35c0d90166e3cc58778ec606f3efe8ee8a4bfd1a353f0251eb450b07d000b48ed83a1000435955351d5a89b2024266092a73a17456b23cb18531402ffb32e,NULL,NULL,12112022
7fee74815440193f797b5472f515a06a0fc3cbf094265a959a6a3caef55f9021ac20c3ccddba759d2b4ed9ec78c64dbfe27a3ba3400a361c22f1bf656a35652d,NULL,NULL,12112022
cfa545ea583847beefe30ba3000d29d75aa8932011872a994386e3869f43522caf4a2cee9dadc52c90046d3cb111b80cafdceba6667c542668940f529fc54b9e,NULL,NULL,12112022
471e1847b79a21e91f5b33a4cdd7c73fd621856019e41f792978fe3ad852483d42887213d1a89db5ebabc984102b0e43fe576b8d16fbe4ea04ea4fa260d1ba7f,NULL,NULL,12112022
0a95fe8a12c2de28f8d9c6500010c29d5351c59b12aee791bcd1b0537f7bda4cea4b2fca7b3d15f54362b8b7df9b6242e133cbc5d062d5c7c87d05e64968b513,NULL,NULL,12112022
6fbedbb440624abd19b550d4994c779f0e4c221fba8d137284beae2ba4fe3a18bbdb8e8559fa3fd4ac119dd8b33a842fa45d56a64b5563c08d83429ef01db7f8,NULL,NULL,12112022
be135dc6222f9dce37f31070c06707ac71a7ed2777528afe2ad32d52941ed967c0b50b72c41772e7b447232f16f38716f39a1b74d638979b269d34901769a4e8,NULL,NULL,12112022
84f8712b7c2b2af095b4b0f66f14ebf8839a8520bc8849b5cad83014cf66a1153c3d344aaff24e1cf0abbddd14a0278b146ac166c9432b3934d3a855197b77a3,NULL,NULL,12112022
5f7d7e0ac4329515f28fea37b40f5b174bfc1f0382c1e0fa420688b65afe79b15bd1e5d6b0d8c9c44352b1b765bcf15fcb62bd719486b71da062b4ce7bc9bdcf,NULL,NULL,12112022
45a691bc75c4eb8d2df467e6464f5815dcb9c9f9872498a06a67419690634d840622c06b8f079b1b47a830d4c9079d133828863ea199d967cdc9e037fee2839d,NULL,NULL,12112022
5fc738723b2e34769a7ae933c17bc98d59be54aa96111d0bc980f1f3d06ac3a3bb71740f01ad7355911d529671b878b6b604bb55d2fc8e56c2f9dd46764b4720,NULL,NULL,12112022
fb847a0780f71e1c6c34d07d37088dc96962f57cb501d8f9d523edcd7ca8105c5a3ee824cca0f18e614894b2eb4e97f49578b4f4273d4dcb68b8fba305947ed3,NULL,NULL,12112022
1dce0e94ee983be1870daf7b2d446db426f86746d4b379536fea39a3fb3fa6a660ee86fbd39312c5e3e4352b48b96fa9905959ae6b4e6380a66d50e9e8e62e44,NULL,NULL,12112022
041247f4060b08a6c53e2a87c1810c51f4ea3bc43f0433fc5fcefd1c1ec01426b432741c353cb2702a6413675573626c0eddec6814378dddc9dbf2007872f3a8,NULL,NULL,12112022
ca4d9aef813867353b18919bc35ed84ae3ce932cafa35b98e29d84334a48585d977cc17b36ca42a658e7e8a7e2d66ab11bcea0982057c42ed79ff89089c1657a,NULL,NULL,12112022
4acac710a9717305219cbdb857621783931df90bcd2b277acb9d8b3de396b08f89930a835fc1a7a07ca43d835aaf9e86f68119849ad59aab877c55dfb7587664,NULL,NULL,12112022
7c2976cb5801cbd3b22b51d2a487908026df6faf420c8bb454398f9d36ccaab2e6250369d86876b55281f031a8cec3bd05b3dfbfeeb2793d710a08e30afa787e,NULL,NULL,12112022
8a582eced541a67bda37539db41abbe623f83c7a45aebcfc31f821989d6ee6124b92e99090641bf0d814b9cdc0fa5813512b49822bfb3eeed76101e0fb136e62,NULL,NULL,12112022
b26afbf843f0ff7072f75e312388e261441e0ec2ab8f28fb41560ce39fd6f93e644b04a209868b05b5fbbb421617768b2a3a81da58859c88275b30106408577c,NULL,NULL,12112022
e8e3cf31bf61dbe7f6d85ae05a0b62ecf7a0569f50d5156640915b22a8321e5874fcb6c4e2124a07764d87f5bad6756d4dd32c001d7f47f067d045f5a421db9e,NULL,NULL,12112022
3b5f12875c6f3ec8be044689b2a243f6b463c2fae7375617396c996d5ae707b5f51a5bf5652cf7ba84ee87ee195fdbfd939fe340cfdb6de965cf52940d876a28,NULL,NULL,12112022
03cacbb7efcb41be5928867aa302c58ccd685f95ac346bba17651f8af57941b19609db9e2c8ae3b16e937b4a6c700d394d07793c535c13265a46ddc191d0edf7,NULL,NULL,12112022
f31a3bd684e8083d641b4fe4ee30c4d3d072cbedc0af25422507cc837e129d8a617f9f930eb1ec544b8d01286709a1d22862ff1099c69ac741e6dc3bd745a8dc,NULL,NULL,12112022
e3d89ab023be2da807d8288c1492e308389cf0584947b62ad8e7d11433951d3bfb8dc626db984358ab7a45e007be825b6445684951e7a7f7b33efa8f8050d6be,NULL,NULL,12112022
b9035868268928dfd3c239978adc5931562a033f2b029ba72eb91b1f931e18f989795e7797f5f0024f6a53fdcca5ea6659500188fe2f78bcac276f0ce8937fe2,NULL,NULL,12112022
7e53127c60a16d49e9061b4b72334dfa15e9c049e402f2a93b3d7291724c909eb7f6a55884c912068dc585ee0dae90b6fbf080b059d4b031c1065fcef8efdd3f,NULL,NULL,12112022
f8544540be1dab3ff314bc409c37cbe8554bcb864a75c9738326ff5acabae06c9b594b8038814b4dc26ca06d68e9be3f4620884bb87209357a228d5a198bb0bc,NULL,NULL,12112022
ef8b3eb0d2a7cf3750db847735cb54509793e28ee921610c1cf13a0b1a42c735a3383022ec1ac6c479533bc03f5b415a2249effea760bae5b748b0d9ef1817ff,NULL,NULL,12112022
ab48e95b0650a984182c5e3064d87acb1e7fb141fe608ce2b9f0ff240dff5940310d9cacfdc4523b3749feb7e14bea2c1f7102b16e676db5db8048f0f417f0fa,NULL,NULL,12112022
0abb8052881b12041b8537164079b6c7394d34fd6f19f21d47e60fb549946983b52f11a957393b740bd3abaa9c8cab0eed883c7172a2a89249f332ed19413095,NULL,NULL,12112022
f583aee6fee4a6f85d5a663642cb380fe48844944cd654ed53310e7a064fa9216e5e0ce924554690af2da3ad2d13c279d90e8fa3bfa218596af45b40bdf8bd04,NULL,NULL,12112022
cd0f13c861cbbc27dca0ecaf5cefd42e256db96010bcae4aa76e490c5ac1b28edf69b7f4932215946c1fb29285841a470be77b9834605bdea9b3e13d5feb3ed3,NULL,NULL,12112022
d8ac19bfb7ef37942bedc7f74bbef37dad9d442eedfac3a4d3d33fc2377848722b6cc4414473e73f6bd04f4f8d3ce7bfb2a3c3f5b5e082739df21e56138cc879,NULL,NULL,12112022
ffda91ae0fd3865a5f943a70669d7ad1e6f8c6d674a196c9917ca55c11044a39335bf08938c6ee7343569ff0f148f5ee8cf85c34572492923df33456370d0999,NULL,NULL,12112022
d5915403b17ee55498774fa16cdb4298a3ed2d2baef43b1c8bdfa0f8f6ff4329144272e3f80d9d41afe8cdddfd9d6220e11407125db316c37f0a3ee90230ef66,NULL,NULL,12112022
3326a9af2b7f7958fd7cb3add2b871200bd314e61bd313c801106a004f7e4c42226dc82627ba6eec9a8468128f2c9dabb011f4574346a72708d717c4f50abe1c,NULL,NULL,12112022
1432adc5eea3d8a067afcd9ce72faa7bc53cd20a91121f02f7be0444187859d828d13858ba8206b2166d3da1af4778447b0b634d7ae5af483d610122b92f1837,NULL,NULL,12112022
95f86f4b5fcfd9077b7bae75a2b26eb5040a2ff3425f763d6b40f7ebc5253b8e537202cafc8b51a2544d5f0257c4b6a730b0a313a42bb1ceab8b30356ba3b1de,NULL,NULL,12112022
be3de13bb4e36567dc074e5c0759dd1b5d374cbf55521c204fd39e9b2dcb89251a5871c5d1738935269f4b3802496ee5a3bee458609a52b8dfee65e96f31db96,NULL,NULL,12112022
1cbfd10579f410eb921f0a44301a4335d45da2e32177e914f0f802ddadc394fc6ee4ecd4f3774d1935cef03fac77406d9bf5618c33bd53e464ffe06a32d38464,NULL,NULL,12112022
be3e2b3b1280cc33f7051a19d0a16e5e6a158ae91a6cf34a8ba92fc90fbbc084130039134febc5c9de70a85e04644b1a51222867de80ede6bad1a270ec64fda6,NULL,NULL,12112022
ea82834ca0653e602248f6f0b603556c32782e545e15759ed5dba4e0cd7499785d0170dbc9533182f9c177ee542bcfb645091f1778939f92bf97c05bbb1b5271,NULL,NULL,12112022
2ae7e9779eeed5e79de2b62a244e28b8eb14ec8abab6ea9686a14f091acaf31a8a986175be8bc59dc799731c4e237175210b0d84e9671f983106975a4936ad6e,NULL,NULL,12112022
c502e3ddf3729ccd672db775149d7490fd46bce0be3bbec20b95bfe5ddfd46a8af73a12811f1a974df96b482bb9af7da5b8eee0a3c7f5169ead5dec94da360e3,NULL,NULL,12112022
02959f49dc00bfd8e705a8a9b93d25391f47dcc8c034f8b2fbee744f9ea28a96bc9f265e44216a52e20529abd34c9afcdfb4e89888b69b64d40e252ac5500ead,NULL,NULL,12112022
3158ffa19c9b4e6ebea2410f3f2f2a286d9d6ae751f24e9295084708f1e5085165ee32a4fb8c38ebacfa6c0664120f73da0038c7a991feccf6e8814eb1219ef4,NULL,NULL,12112022
2cbd90562613b5fe3362dc00b72cab32c0e12f879a718261aae46821f813ec76f37c01ebf13dce7c99079bb0f40b7eee08fa787c8e2bc50e3f7a86a886f81324,NULL,NULL,12112022
d9af67d8bd1470b218ddc42c856c85395b8410890b67cee2f77965309a596de02b0d6cb1e94460c114edb629e77aedcd0e4bf367be2b7f85f4b9accf70f2ce6d,NULL,NULL,12112022
dd226d4c189f4335cf3f7d7091b11f38cb6b8ca8db6684a9e74d4ffd3ca84f57ec4fa54328d8f251aee24717946267362888152a31e5f891944108ec28a30134,NULL,NULL,12112022
eb8937cf608548231f8bbd0bfca85e311c1d2cab70197c9cb03dfed6a732c9b899078c37f3825744c74ce7f31da57aea74cea31b09d357018540ac1cb45bab7f,NULL,NULL,12112022
3fd6d7472c44709d6c452ca8fe7a235b296a8610ea76903f3343d4a512f22e422c02789249b428e635876937d093815af6ee841fa81ae2f2fe7f90f824744d13,NULL,NULL,12112022
59820ad90f94779e5bf7f38afb05bb67d0413f477907e2a9b5868250ef3805350a816471370f9a472e89ccc75d5f66fb09ba45ba1a91466258ca55531b713fcf,NULL,NULL,12112022
4cb95d75eb6867d4d9427f228166001e5db28a9d1138c5d8fbb2d3b00a009ce43cf1741e2f26ffad3f15c15a98063406b599c7fb44813ff6ceac7086ec1b6a54,NULL,NULL,12112022
226e5afac1c76a28525b1098b4a727f7481a1c8082ae7596973f94c4dac78cf8ade0aeea4d655917c6fce9eb64afe5ba60bf3cf851df898bbaa75a7af478127c,NULL,NULL,12112022
286d21697198eeed0e4d660be2ce4cff564d5ab57c998e84e547d12b2f226799cc853df52c15645ab175dab2db5f465fc9f52c1f8d8383ca44a98753cd1acf21,NULL,NULL,12112022
632645cd3aee09c6f6a125e035b873ddd7fc0cad4cea56e031ba1167444a6a5a7d495b974919363d024b5929e84c23b3542e9378fcd9c4005ba8d2f896750933,NULL,NULL,12112022
040171e092a9443ad63bfe58dc462e68b3257cc80ee55f93f4bb5f0532e3f36bc118ff520b55e907264725d2dc1fc209635f859e94e167f5f9ac711f033b5c9f,NULL,NULL,12112022
77fbd4ac65e61f0538b9931b2a33e46e76735e1779bdbd067470f013f1bab8bf971513197d482ae0ae596a9721167f93d64dee94f3cd77ab4815967407b2e6f9,NULL,NULL,12112022
8c6185f3ddfc765b295e2cf2db49dece43a39b33bea71c572c88949a28fb286b0a86ca2c13087e2f96fd5e34ee99625b95483275ac707fe0ede0e62bd846e0c6,NULL,NULL,12112022
59f2eb05d98f8d881eacb40a3c41d16169e7fa1411bfcb8bc49b4aaefe79463eb72949226e23657447ac716c3956036b3c620b59c9c168c5cddb93bde32876d2,0,0,12112022
24a54023d9e7a28677603baf3a58ecf23d2ff17813c558f4180783adfde33d6029e078e8e7ba862b0d7d01918d7c4ecc7e634b9e97b346ceaf3885576e220ccf,0,0,12112022
91347b5858e5ac450c6c8de2135f0e17e45670dc070d4c7486d49e92e528931747313e5eae4fd4ec8944e484874502fad57efc293e9a26bbac0abb81fe3e30bc,0,0,12112022
31309f65b0758a67a6397345152288619eeef5d6fd7a812f0bda0221b6f84caf87ef7c4b058be7f1c890f0181b8a932881363e34fcd6ced3684fe278f089ae1e,0,0,12112022
0784f3c984c4de4275894c285f66fc4b9b061d67ba92d7e32629e429b989a1cf0dc80531b70b3871e380e588c27b03b79c32b216f301f195e1a4a7548c9f9b0a,93,24,12112022
4df64e0e1de8645f5c65ee47639268b429cd90ad31201f1567bb9c048fc27b1436c085688ebd17abadd18e40dc1fc92914a8a6813eef5a894fad5d5e009b2b0a,0,0,12112022
2ff943bbe7d84f613a5c405692a76191a9641d83dc46347ce4efd231c8c21663a77b2cc042e55030ab216aec89fef357f78ecb7422eda5c0d582f7e1c382a3cd,0,0,12112022
e00586f3336ea6b391a40edabb6eb09a4033dca29730d295408897b5a1baa4fb94d851a9cbb4ef2bda42afdeefd1de3fbf6d76bd3f1e8ab93d265dc76bb8b794,0,0,12112022
20162d41f9c286d4b17ca6edbf400c15c6e4bd445ce2ae87189745806a2cdafe8da348ac2c9f37e5781f8927c09ba9fad6df304d1abbb5e71f7c8a5d3a8cb622,0,0,12112022
9d88df613d5fa0dade486ff687e0fce606416dbcf36c91ed84340fa4fbc4ce77b0faca0a8adfbe4fa9a8a6dfe5412439abdbbf36154080a49ddffbd4c1459933,0,0,12112022
5c0227c7c05a79487d8310a1d1da985d120a93e781b7f66ad5de902e609611bfc0574c5b65de565ea67ade637615c833c492c0b2f8963cca540231a91ed6561b,0,0,12112022
493ebc3d2eaa56a9949bae17cc8402cf81ad17f10f4fcd6abd8971e2303e269940fb9d15ab9aa2490439d70a6da91c1d4085f1de2cc517a01f65ffe5fe2aaaf7,0,0,12112022
d018e84bdfec923d4e55b8a346b3a3fb2e9b7e7bfedfddb1efb73bd68b795781e13328169ed3737c459127d065ccc048c3fee19369604a8df2def5686cd46a88,0,0,12112022
d1ee165818c95dd694826c740b539618345d49a2641e1ee7d81d0d005628e790eb9ef6116f192f8ac1fbafb3807d0438d3a014366c300e68ac4b92c003751580,0,0,12112022
a7664407e7fc7d6f5c0b02059b336fe08f67bb1bc79c711d91f5303f999a75530c4697f1e172ed893ccb5ad77dd0d7e1a5e0b788183bbcfdfb0707177480a59f,0,0,12112022
24a9d0873473c399fdef63615a39e22a3f83b42a2806ee3a6239fa956612da5fcb6e4d56a3cdea27c016d8b3b24414a9103a19f071e86cc864b43b27b814b720,0,0,12112022
96c957bc371457742e57e3718846dd5161b9ea085190b450cc1bd629f585b7c633bb3128114bcb2318b67dc10831fc8700834033319cc5a6bb866abc3abb940a,0,0,12112022
fd20a8a5c8b741cd36efe08cff76c05b05c2d2175864fb7936b182736358db343f83724fcd6376a2f9d9e4ed6de3d7195b76a5de73ad26af153456f677adc3db,0,0,12112022
1d0864b0a158322270a0b71cf1f5abc7c55559c8d5a4ea761124ea05f59fb4ed399f08d40f76ca293d388135a752348440c2cb54f1857855ce706c0f65768b0f,0,0,12112022
81868dcf511203d15ee03a15aee85d786ddb2050c4d266034a8960eaa9e261ab290905222522abcaa09acbb3d954c94ab7eb936940e957c4bc72049c51c08f47,0,0,12112022
dd838e508470be5fdcd9a5caecdf06d32fd56d919e53522452b9ccbed3c59d75583858f5f5f39c74d1be620f1f5320f15da61bcda61dd650b225c82a7a0eaf6f,0,0,12112022
fa16b81bcbaf29e3f0d0ed8143b7431b7a5fb0fb6ae914484195a7f3cfbbc7e294cc2981a4e12251e6af5dceb6a8b0962dfcaee0b01cb43b445338bf2b964544,0,0,12112022
1dcb9e0b84ef783d2e02f88e8a57ed9de01b650008d34e6b962e06c1e55906201e66c0d8a4b2674b5f50e98fb5627d58cadc7858bbd1031d41429da52add8fd4,0,0,12112022
ba9385b296b8a808eecf6cde2683aed81efba589bb183c758cfed209fed69582cbfa0ea565ce15d541409de8834bed132c8339c79d0cebe660cbca90b32808a2,0,0,12112022
fa50e8f8f688c98496f9179a38ef54ecf05b35fedcb74bf02f7ffde7182084d2c889c8e754189c77e2aa51c75b530d0d685ee5ae6c40b69f5fd2cd6e9511eab8,0,0,12112022
dccb1de7c8d9075e1c0e222157225ad998ebc447bc674569b759f9ab9860db5adf731602549462b0dc704867807274de4f92827d29db7c57ebdf2402710c69f2,0,0,12112022
e4de522337f9afec14fa88c5b04304d5478eb0b3821ebcf379209f67f31df56673ea9a275b61f79c067cddabec8a0f4460d9ddf2000db0b2020985c8b900b065,0,0,12112022
5531a0d493cdea42ec7897d8f21153cf4f4e4e4204a9fb53eddcf207a5e256ef0dd229e3bc783af5c343096a02b59bb791c91b8f9df1f21ec098307fab4f88c4,0,0,12112022
3b0dd1a2efa87de090b7c3d69ad9ace5a0cb0f2a68a8615c205b07a3f7feecc7e0dd6f83b500513431925257f8e8af21d8e04a37d037526576411870d56a8c1a,0,0,12112022
3a1dc19a49b84df7461f40b032ba65058ea55b8b960cbf278cae88bc77563787463ff728476abac1f4a20e9e83a352988bc7a837173c49649a480cbf841881bd,0,0,12112022
1fbda1f0da687db96f132d51f2f6a8339cead9235a5c3b2f124da2dc3e091ee18a2713a1a309bafd3a978eb6cf59fccc6577750fa3f1b421476f917ab16db249,0,0,12112022
71cf2fa03b6b2e49a36d40ff3e740bbfd8971441dd4ed6a096afb06ed076f1e21bc5e9bb233616bdba83d8d3ee3f6380d04ea240c627a68a700e1343ee350eea,0,0,12112022
6da4360e133e775e76f1314194161b706d4c69322ab95e87b7997d41096482eb184a0fd96407527b908df3a5ae6087b63d2dc008dd98e3a8af9028ed30bcb3ba,0,0,12112022
2ad3a2d45c09bed8ec39c97618dbc8ecc2253ceac3ae65410aef48ca61d77a4b9a4a38b218f54786f679db22e0aca70b8417221746766036bdc9b36b07f6e6f8,0,0,12112022
c5eb33df0f0f263c30740295c6e727ba3ee2a19257636720bad2210405de50defa201b519b620b713b6a2a101cbf917f414783c88ae0940f6a0d7a56fcbe88fe,0,0,12112022
24c9f8fa381e0677eeb66c738ff115d8c7d25cfa4afcb33a0aeea22e84508f09e2ed918dee2dcc637484bb81bf16f9a0bf43ce448d6244bd68a97c6aede9fe3a,0,0,12112022
c96d0d163502c413b6d38dd0251e810c2180814cc4541dac9ad5e776f8545c7960f34a232c68b52b3700493b0fc3219f0b6c14edfd1eab239a64d1415c04d968,0,0,12112022
63ca8d118601e6298460216c9b72365e449a024e85f010923739d8d3385b8897f51b81430bb22780c6fba9bfe66ac298086be6fddcf22ac2684ce58be42340ea,0,0,12112022
0fcdbf8249eff490ea075d6de88455d11bc8eabfae1d0cf146a78a035fbd9dd507bda22f9776f1a0db9dd6ac92bbf686757b336f42bc587879d69db0749c9109,0,0,12112022
6a688be59d1982729e08e4ce19eaccf67b462c8939ead2281b1d1527cd5fc7213611026429c73091224c1fced6d6a5068a2b5d70bf0f3610f4d1654b08550e55,0,0,12112022
cfd31ff2baada654a83b92589c90c51381e45c83cce75f91d401a7506fdb6c4d454dde7bd7d1a15518ab4519c424c18dae9a80aa237bb56a4ee47adc94971ff7,0,0,12112022
ccdc55e146965aa5267b20ae4f71f46db957a7fac2012c3caf77594135882540cd31217b611286f24ca59b6ca9f404d88e94dced4b7442139525be5e65d1af21,0,0,12112022
2cc33feca00e651be0c6f3cd7d2f371fe5335f3d4c937a6f4898fbdb644ff11f01477dfcb7886e71de66922764b18ec9874d4da6b02190f6833ab0c18b939fbe,0,0,12112022
d1ce0655876bea301661cc1ab0a230ba9e742504562560a4efea1a0e4b02d7e2e0213ac4ba6cda391e7294b903bda5564c2d03c1e374b607d05295b8fd08e4d3,0,0,12112022
5c9b399e4d22a5f7991c5a42da5df9faca689961424fd30966cb034ea59214b6e57a4a9bf89737af2d142821bd9d53894f0113e138b3d6042f2129200e0c5790,0,0,12112022
a9c98dd69c7702acc9c3ba9d13c11aa91236a702fe8ba821f2b8e83f1c4fbd7dcb853132eaee072c4c0dfda79ef76a7f9dce32fdfb88709139e562ffde6489c9,0,0,12112022
2bd241485e45618335f9efe83d0d8c9b37897e04bbc54ce089499d5e71749c7f8451730124826c39cb1527e925bdea08bd02607e56ae90893bc9b9520afa4aea,0,0,12112022
2d6b88231f11276753922601d29b1d5836b4e04e8480804a28006cd2795ae03214350f419558c51f567e84c4472f889ae2173adea441ea15b8efc56a0f818e53,0,0,12112022
55fdcc6f598f9f6e24fa5db8572771b198205500aeda7131cc8fa80f1fb848b74c53b6c8b1fec674b2dc2ade033fe144d9d98f078441b14e4f5b45e5c3cf3cc6,0,0,12112022
2a24c95f9e5756886bd1511dfaa360636e457a2f3219ad184121f22e8e43caff910bdcd315111e03e0029ad9bc1f88d5709e7997eb432c0c52c2af6bc6ded56a,0,0,12112022
75b7699c6b4f969460511349a3a6eb9c4b57a83a1c1bb0648f21035d96e39ace6c8504ecdeffe3104a5853df142eb1f23a45a732818d24c96c0c319f6d9304ef,0,0,12112022
fa89a035bbb6330117751439124aede41914b1c176c309bb342607fe300056c7d5af6b95231f1ae664c263c05e7fba039cc33e42e2b11501ae55eaa5eb95ef19,0,0,12112022
bbc3098932bfb314323ffb3191f03d49392dcbe4fcc6f4986c41821732ff2802bcddc210c045edbc7ede4cd7dbe36af25dc2add1cbfd0c10b7e8c62ba0ef7ab5,0,0,12112022
87988fa691ef198251244b594aa9a8970642344e1cb28199430adcd17f606db056d5b435bd54d9f739d6cc87d18d1e57418f88e233cd6208c8a6cfd95a5c8853,0,0,12112022
487ee79bb185308ba8c5e1cd07ab3c1f6795f92e78f17b0d01fa5e044de3f0ca9d6ceea742de52fa4535129882d3a6acc688d8b79e4b23670f4082ef2996bcdf,0,0,12112022
9220ea1557e49d8f549772519efd880b7c47c72523f4d91ff9241919b23c9d0a38d39d95b6b67f370f4cb098a0a1cb4330f684d4426adecdbb3e03d7159e4195,0,0,12112022
c3a3a575f34454d2772276d65742e8f93d04cc8b1ad048ff038a5ed4bbf17e5924b8cce0c67e16a11043eff97098af503d71742c19b0895edb0ec4cca281aeee,0,0,12112022
274000d40687bcffe85987669b13267936ab19ff2da6a1031082cae7fa312a68fcbc0b842b0ddb2ca4750e52579348e0065eaa8b68cea8b5e8001ee118e00fc5,0,0,12112022
