HASH,Assembly,C,C++,C#,Python,Java,Ruby,PHP,Go,JavaScript,CodeQl,Other
8c05b2e362091ca3d46b5584aa0ff7d1545f8de0dfb8d03ea4b371eb136109a6cafaa100aadf746a653f2cc58d440c8417a14c33cb5a64f45bb6b9555621d6d2,0,0,0,0,0,0,0,0,0,0,0,0
8b1f1e7ee9e6437a613c1053116c6388125e33be0eead5b9b319523267ddbdcbabcd4ab6c5beb53b4b4bc72c34c39c6f72ab5a690c93b656dd0f239a83f0618e,0,1.87,91.63,0,5.1,0,0,0,1.02,0.32,0,0.06
902af2145a11974280bf0ee78f89890b532b65295d9ce1dd9fd33bad8d83a5b25b91b4223bf592f9f5c87b8b46e69d0bc33b5238b1b7d65e71b6308f7f29d745,0.93,98.19,0.03,0,0.12,0,0,0,0,0,0,0.7300000000000001
3f7d6a6f668942cff59624954c7f35691f05452429de9aafc4743494ddff32babf554163112ab958ea00a6945d53bb2c3198633f7dc66ab208ac917446bf1453,0,91.11,0,0,4.79,0,0,0.11,0,0.01,0,3.9799999999999995
53b8fd72cd37dee4f66679c3735e9b6d05bcc109c30cc14a65d60f91827f665a2a032fc30cc85258b7195908cd98fa1045eaa62f3cce6ae57b49b3ca7727f5bd,0,92.49,0,0,0.81,0,0.0,0,0,0,0,6.6899999999999995
e7946694648d8558203f43528a5eab08203bb8f26f85259b280f1a8a3b18db0f73aa3888f50e6aa8f5fbfc07a8829e5a74d4b6c51f926e36e3ef333063e2c335,0,50.56,0,0,0,0,0,0,0,0,0,49.44
efb406fcb84be2788a76a592d5bd9896f203639c18558950179e70c3341a3f3ed9241f62472e5a4b39aa4877fbeb6e48fad8b57017120e7469135b15f471b83e,0,92.35,0,0,0,0,0,0,0,0,0,7.639999999999999
cfe973c89ecf00bc79d5fb8e44684ee896354c1fb27f470428463e91fe7ea6161356195d114f45e3a545679a6252615c48309093a61e9dec63869a4690a6c70e,0,97.37,0.62,0,0,0,0,0,0,0,0,2.0100000000000002
2449b6554e8219201af2b907a0b09b96f9d723e13056891c8ad13056b0ae489695b4671bd0a1c065ec379634feb39dfb44848c7c8174b221dcb13dcb59ebf229,0,81.05,0.35,0,0,0,0,0,0,0,0,18.59
f02586b0aebacb0651fc52eac78482e53747b351e4d47a7cbc3954e732b51cb30b15b0d11cc05c805a80d3a37448c748e5240166f0cc95117cc3fd45d01d516d,0,96.01,0,0,0.12,0,0,0.02,0,0.09,0,3.77
3a9220c3c30c34f8fe03558fbe764ba49cb65c22956186d475e10608800620bf785d83e2b08f1d85163bf76358c232e37a4d5f05a4d5ee3a73624add6d93abb1,0,79.01,0.02,0,1.29,0,0,0,0,0,0,19.660000000000004
7219a43de2ce16450382686c90704905202cfdc87447569b44484a7932c83105d7b1fa50752851aa72fb100deac94261a5294890c06f7e8d0fd852827f7e83ae,0,74.35,2.47,0,0,0,0,0,0,0,0,23.19
469955b51bc53e245d273f3798d34a378645ee5f45b4fc8019ca4f13c932c855e30e5fac374cbc03eb7500631e84c5d1ba55a9212fd1d7d7633c7dbf231f182f,0.02,77.75,0.04,0,0.46,0,0.27,0,0,0,0,21.459999999999997
46c909d572a80002b3683096495b780c2bfef936594a29c21d87bb7fbf3fa2145341b7b057a1f093714fcc82600b07711550660f9e1af1dcbe3725676167ed33,30.04,53.34,0.46,0,0,4.0,0,0,0,0.01,0,12.149999999999999
575ee20f2bdf25c65d514292b2e41e0c03ba776f48449ceb729bc48ba940a8f8ec7225f93b13192b08c8011f0f270e307bd7b40f7b0b2809ad0156b22c47773d,0.39,76.66,0,0,0,0,0,0,0,0,0,22.94
cdf445bce30d8db3e1b3825ff62b7dcb4fd25c26fdc7a9103c925a89b19181ed7555302d961c81f88ecc6afd5e322372d04c40e90c22f286fc00c8747c894a38,0.29,69.18,0,0,0,0,0,0,0,0,0,30.539999999999996
a7f5098258b578aa98bed92e8095549be54a68922864658e7e01637fce5818754c49225e3a61ab18512c6c744c8e5a31ddb153e7a6f9dbf7640fdeb250c97bed,0,40.14,0,0,0,0,0,0,0,0,0,59.86
1a172264201fbca34fbcd585961fd88bf38ff896f922cad5de1b099d465bf9aaaa2f2a603c49bde570d8b8b35ba3bfc1900308f602669b4537df12eb28d0e267,9.43,66.74,3.02,3.71,0,0,0,0,0,0,0,17.090000000000003
0293fc243fad7563b5b503e4f0c23eff3414fab462b9c7c009425aab188ed36f9314af828c756d53084c8e52197402c9324b368b0d4b537281375feef1332e9c,0,88.66,0.02,0,3.3,0,0,0.01,0,0.3,0,7.72
a4c447cd55fa773f2eb007554dd4ea9bd53fb90134745316f1679f2c47c6cf9b0aea2800c50a33af4455dc48eacf40eb34a10402f8ecc2580c893e7096fc7d5c,0.68,72.86,0.21,0,0.0,0,0.0,0,0,0,0,26.240000000000002
a83ee7d3ea5bf52f88788b95d65d9290c1b1a5950ca11d798a7ff66e942738e4840de15eb2484c519adde98eb0d35ff92bca3fe9fe7d3ff650840db4f4863bd0,2.57,65.0,28.51,0,1.02,0,0,0,0,0.09,0,2.8000000000000003
ca19b7d8ad726d97c37067c92a3657bbc7272700454473785ce52fa71d35a4c40cef96166baa8fbd3205ee2470564154f0ac0c1c052387b23fe28c73d0b8a7ee,0,0.13,35.31,0,7.35,29.09,0.0,0,11.84,0,0,16.279999999999998
5b318b3462934b9f056852ea64ca5e521ec04b4a1db68fd309b587fe8bd095da33ba26f074ccd37450e7c7e468387211f4d234eb0a55db3dae2b9d809e7eb1ac,0,0,51.65,0,44.59,0,0,0,0,0,0,3.76
bdf5987866fbafc27f8fc5f2a07c7783d341f533801211e76682a4ae0c3f351221e7b0da6392800ab269c0dc4c3684dfa9f0e7da9c06ea155f9c6cb9ad7ac2c8,0,89.72,0.08,0,0,0,0,0,0,0,0,10.2
9c1a5af03d68f0f0532ac8299cd27b95faf81bb1df6242032bed7690c5715d30c4a3bf007015e229e7aa76dda7db4a11b3aeaf88f6920e954a546e0b3236351d,4.71,90.89,0.22,0,0,0,0,0,0,0,0,4.180000000000001
510d007c7dde3cb44f486159bef9df9a995660343c99046671146dd2157296898d9c491caec7db7ca920f845e45bdd77dee9fafcd65b89d197124cd0a4f073c2,0,91.55,0,0,1.67,0,0,0,0,0,0,6.78
084624ed1ea4d4be37f10451807164df9d93fb774b43ae4636d75a043e8389f7b6923186e55e42dec7480fad7059c89fa99bd62c673fc1a6a40025b6392a4e83,0,89.59,0,0,2.27,0,0,0,0,0,0,8.15
c4c91abacb50b6bf9c816f9b1ead55bd417ad6f2f58a86e0d888b2716fd327f9377c50e9b5c4692abce501dd6afb58d854e6fdef6400c1c044c726f3c0e26601,0,0.97,90.07,0,6.9,0,0,0,0,0,0,2.06
4b7dac20ef8c6c7b3c02e7137fd5237bf5ded5908163ea1310ffaaf880e30994ea03e56fe5843608cf7b325f96a067d0f9e2764f58584b9512f1a04fa18947df,0,0,87.01,0,0,0,0,0,0,0,0,12.99
4733cc68555145ecd195c34fec3fb76f63e5dd427bd9eae050e73b025926100bd48b28064183973e3ace575da8bb8292d512b9562f55ada59c0d23e171613178,0,2.41,71.99,0,0.5,0,0,0,0,0,0,25.099999999999998
911877de87b724d691f7a92c695a607827246329da217075f59d0645c84c4ff76d86d866014c67d9576d16a5289321bb8c8f4f959ce531a44f24398e5aa5abdf,14.31,46.01,4.26,0.02,0.2,0,0,0.01,0.0,0,0,35.139999999999986
45e94a95dd649b8145afefd958148f194c3e1ddf8db91b05115b60065374cf58e0858e7d60c7563125cbb224c92cbc9c033c8d99811fd7ff870aa6ec9c3eaa3d,0,0,0,0,0,0,0,0,0,0,0,0
ad2c6cb341808c3281682d9fa7fca30c1112fbe1e95f0214451457491521a97912731997c20c841f8d3fb6bb79c888201d812492ebb93e1e8791678bcfd84f6e,0,0,0,0,0,0,0,0,0,0,0,0
144c98370a7026d114986135eea70ad7283ad69e13729cf4c6d28378c34af3deb4caee4d70312b686959f907d9f062410628c925c490c57ca0e69c27668a362e,0,0,0,0,0,0,0,0,0,0,0,0
99ea52cb73531377b400163c6b296a2e262fada97d806431ddcf74d5b8ecf9482fecef27d9924be9957bef6efe154c976590371f6f385a90a7e1c07146a2b1a0,0,0.1,69.23,0,0.03,0,0,0,0,0,0,30.64
8ae87252cdc91a19371620135de6569845d9fd4954d225e0f4765ba69f0471030e91d4e1a5b1a26a2b3866fbbe88dceecb2bee143229c653d47fe7ebd6418770,0,0,0,0,99.92,0,0,0,0,0,0,0.08
45d537a89bda78b888d46699762d1d67dfe43c10e081257d683e392f02ca9b315bebb65c0d8dce27d42e2bae547b8807fd05ccada136c146e75fd7526c4ce25e,0,0,0,0,0,0,0,0,0,99.81,0,0.19
1c82c22bbe557f4232f9be1c0f789133dc1631c21fd9c91302f0245eeaf1ba15121c79f86c9523f83a730a820885fc100a28a4807749af0f2291119e447ed3f8,0,0,0,0,0,0,0,0.03,0,9.06,0,90.91999999999999
56235724465b3498494328bd42c6f30a03d7e3f18cc9b430a40e04f988644b2e2d8cf436b3a8944a8bfd9763d1666476c0fb17c86425dd2afd2dcbf2f9057c4b,0,0,0,0,0.09,0,0,0,0,94.92,0,4.989999999999999
4ecc89a5a39f73570e07b326b7decbd926b0fad5654d2c285233c2cca45f4a0f51d841be6bcda90acefc8d506e8371bf20508e84a191c8ff90a07df4f9823c30,0,0,0,0,0,0,3.57,0,0,62.56,0,33.870000000000005
0c398876b947f82a78cad68456d202a064928c587092c300cfff5b6f83a1ffd5d07bf00a3c5b132708242a3f640d03dfecf48a6d9e34717eb63c5f2f6872b4b2,0,0,0,0,97.13,0,0,0,0,0.89,0,1.98
5423eb310c364acd8de011d47d23f52dd0782e0d7ee61d1e5a25d8be2b41e634c9e56ee8b995626b9ec20fca0daf51dd8983dfa7abce31ea44bdada9c8da2825,0,0,0,0,0,0,0,0.49,0,94.35,0,5.159999999999999
0a575ea5afa85773bdd4418abbccc51e7b0fd2466a0f9d9a9781de778f4307b1482af511d4f859a8e789a9e4ae154ccf917c9e6b345cbfd143f947af26182b52,0,0,0,0,0,0,0,0,0,75.88,0,24.119999999999997
f680b65181fca37f2a8edb04b1d270b3f00521eeb5c07cfe5e45e35038478d269fa33953a7e9b724754dd18de31648cba5a3aad2893015093559e57f7e7f23d1,0,0,0,0,99.99,0,0,0,0,0,0,0.01
ef9ca2a6605166397f1d7548bcd69d6ac57b83e5821ed3483b8083bd85521b84d943222d1ee28fd772ca08bc9d9dc2495df221aa75be143716b7d0ce13964a51,0,0,0,0,0,0,0,0.7,0,93.58,0,5.7299999999999995
5aecba43923c5a97b773c04343896434464cb3ee8937cd1fe4e1d880d98b46db6df97220900fece1aa5a6581d953c939f38d4598c1fa9dbb22e71c86cef3cf7b,0,0,0,0,0,0,0,0,0,91.05,0,8.95
041bd666e8d3ecd84869899a91c323da5745814f4fc2a6e38636a3bc6c19b5ed30f004c2ab15d8ca62b41c7d30438c164db897165d8b6dffc0598d3040159e6f,0,0,0,0,0,0,0,0,0,36.61,0,63.39000000000001
a76b58a784eca8e4640ba5d52ebca5bf8bc1a00a4982e7db7baaa1039c8699808ab751ed475a5bc27a1dc3a23a31677b66d309f618a5245b4f0b3c86d7925897,0,0,0,0,0,88.19,0,0,0,0.24,0,11.570000000000002
c05c36fe9ad4e372fd6f30f509d928fb429af4493415e4be2ea2225c5ba996b31e49df41d44435d8f782b5b1d2db4f1d3663b401863798def9a4d8264b4c7213,0,0,0,0,86.54,0,0,0,0,4.23,0,9.23
b0fb0c6b1e75ed9271a22f325855b2e2bd6b54c055bcf395b7c16e1ebafdc966c060b3641e5cb40629bc71bf1c8f84de80ddf21a9d146855c44d7380567c5ad5,0,0,0,0,0.01,88.45,0,0,0,3.68,0,7.88
3173adaf8f45adccd55bfe8ae1bbd8d4400aba361eb612b47fba665deec73a07cd45c851c629895eae9beef1499788c7d55242b4bedb87950b0c81410e8d19cb,0,0,0,0,0,0,0,61.8,0,19.29,0,18.909999999999997
3c73838ea2d7e2db1023cda703d100618f7330ca28f98f9101da4207feab1d82d067c39da4368d79c9817237068420f9ba1775bb13bc4b40d2a7e046f4e13fd3,0,0,0,0,0,0,0,86.39,0,4.93,0,8.68
8d6ade2ca97a7c1e5e41e923c9a37873ced65ad2c8942df2f34e6a11db55d7592e5fd5f70b21c3a523e0ba9939e6602d45aa803eca45fddbca85bf55b2af8687,0,0,0,0,0,0,0,63.51,0,13.25,0,23.23
e0f72f9fdc6750e56a74fc27585b2cdd3d479c6655df8432cf2247d31ef12e22e7be6fbac0f363686fba5113d9233b61459884c0638bc170c66ad0d0bc946bcd,0,0,0,0,0,0,0,39.97,0,25.73,0,34.31
1e9187309aff75af6ebd1a33a86b851adb62f68b8f8c3dd1aadf6ef05565f75993ab7b8e785f89f1618abbfb1feb4f11a43955e8ad1aca540e789fc72db34c22,0,0,0,0,0,0,0,49.63,0,0.94,0,49.42
89756bbfd955c9273d46288e33ad5f8bb0d71bb6572748ea78ac8efcfd7a4ffccfab9284b8890e51231a176b78b86c0353d52d26b3ca3815254f53a9909dec57,0,0,0,0,0,0,0,0,0,0,0,0
c5ad7a64119ad651a88c919e0895ca4314a64034d5dda8802888e214b8da860ecdd0f045221c4811533f02812eb58c9d6df37e76546410df2549d303b47cd64e,0,69.99,0,0,0,0,0,0,0,0,0,30.01
266e3d997b4e7f58154a0b9a612c5b845ab6d357f3a5dc98cfeb9631214f3b9efea206a66778dbc1aa7072949300026819ddbe42a256989dbe5ee073bfbe768b,0,0.04,91.96,0,1.92,0,0,0,0.0,0.0,0,6.07
cf83e1357eefb8bdf1542850d66d8007d620e4050b5715dc83f4a921d36ce9ce47d0d13c5d85f2b0ff8318d2877eec2f63b931bd47417a81a538327af927da3e,0,0,0,0,0,0,0,0,0,0,0,0
2aa02ebcf027c4a3327ff4aff5d47a3810226a28fd1599f4291dfa3ef5e8773cb8bca429a966121ee729bb30d605ec5c416d0a03a8e9f8d4d72f74528d0e7c05,0,0,0.04,0,0.02,0,0.0,0,0,0.04,0,99.88999999999999
64fc68a0caffbddeee6a202d19cc174cfe0ff354e102c9da885cd6995ad0f62000e4858dc01342b7401db72a9cd9f00e993bba59fd89edc4e67acb08a3425d23,0,91.36,0,0,0,0,0,0,0,0,0,8.62
88ecfd60d45936a6c89ef2dabff1e5f03fca2188c8a19bb91701851da8db9be14bbac1601b5585acc93940191a507d228fe39c246efb39632c69b747c171f20c,0.52,79.29,13.23,0,3.84,0,0,0,0,0,0,3.11
c44af087810e64c99165250938d87d5e3cc017b1c072b0d41cb4c340401f79d7435b54ff98683ee47852cb1df183a2336791a2557a00ff68ffb62ce1bcdaed74,19.19,67.86,10.66,0,0,0,0,0,0,0,0,2.29
dc4dbf2b1952f48171f4ae25b16fe4b0c9be8751a15131e6712e2a761781c69e0c80d8306a4a94d164bdd4622c7a7aac877d4da51019567b4a507e160456097c,0,0,0,0,0,0,0,0,99.76,0,0,0.24
bc9f462411dded6e3411b429eb3ea2feae8c9146fb25970e2d833305b329f7d4339f3f4e461f09acfa34d7eac6ff3235772b105947c4cf123d7fcde61e144929,0,96.22,3.72,0,0,0,0,0,0,0,0,0.05
c79b99616c6f40f5481f6e60c6a618116e4ab3b0365d3149654c3278c12cf60017364efa8288d8854c68dbe594f1bed25374aff80427a46a4bab8e0128e55167,0,65.35,2.14,0,0,0,25.86,0,0,0,0,6.64
310d04b10f70b8becb4020d5d9a2f7ff5295026de0089e01709a2b79b078b4d2d4c96c85dca105e654c4510e2c913284b55fb2e70058253769430f21635c511d,0,94.71,0,0,0,0,0,0,0,0.4,0,4.88
9e130069da7817033a3c79d456d2bed2a47c75abc96bfdbec5d37ceeb2a65a0d21dd4628f377745182bc0f8ecb09111b26ab8f11cc45bb84a0bd058705b2775c,0,0.67,80.86,0,1.69,0,0,0,0,7.8,0,8.989999999999998
a7502dd752f2a762be1d238d3c75887a46f3e7d34110d651890a2f51f3d6eb24fd0b99a3acb4cb2a35e1e7811ce0f418286d7ca9bff684a06ba52bd67b5754a2,0,0,94.59,0,0.32,0,0,0,0,0,0,5.09
eb4a5f1ebcfa158e71f59865620b75b267aa91fd5e0a501bb44fb467ab6b735ac9e1b78622e7546e663b9ddffd939fc7f19421c6a22f9747f495b99c98991719,0,84.22,0,0.1,0.26,2.34,0.1,0,0,0.0,0,13.01
75ec76442e9a370d74e566b8c32c139d38b43613720962541ea80a35473c656cecef83afeb63647ac10c64a28bf6aa581451eb3cc6caef4c3b9831ce927be343,0,0,0,0,0,0,0,0,0,0,0,100.0
bcc7b65d19353587d4167749e2a88760a519163128bec0dc0f4bdd7843f712c6c137b36c5df9f1b405a0a915b9e6a30ee05c33d834f2ae6f2c3b7de1dadc9926,0,92.69,0,0,1.86,0,0,0,0,0.14,0,5.3100000000000005
c79870838ebb9ef921be27c4305b4864b6eb9e821f3fdb2b3f355508b7d97f24e3fb1022184bcb1f4ab84f80a21b3b7fff36a70c8f1a6d39bc272ad3f496dfa2,0.06,25.99,62.88,2.76,0.22,0,0,0.21,0,0,0,7.869999999999999
7ffbe12e7282c3ccf090fbf588755ccc7f4e3b64ced903cdd34be0b42f947bd87adef414e3a29aace6da547d876989fb16bd79f716ab265cdf51d94f3d768be9,0.01,0,0,0,0,0,0,0,97.76,0,0,2.23
3e43c992563d7bdfa0a04bcd7e3510552660f16ee35e8193c54038159476bc2142639806ddb7aeeb02a92562e0b3a6e1e7476949dba1416296f7395c3a243230,0,0,0,0,0,0,0,0,97.93,0,0,2.08
77b5bea6a7254372a97152a175d137556cc7f022b1bc666b82b6d78797d089dbfcdd198d7af590049cf9deaaad03361b48c1a1fc038fd0b0434d6af4fa540599,0,1.94,86.76,0,0.94,0,0,0,0,0,0,10.360000000000001
97fbba49649fd9852def8c54abb1f64b754d245d6457d14c32ca33fac7409b6019e4b02be4a27bd0ce384e3f99794ae1893f068f3e444809772db394135d1535,0,0,95.2,0,0.7,0,0,0,0,0,0,4.109999999999999
aa7a0eca232843d20437832a0a104148a81432fe8864015076f04a449bee34a459d7e502357fb943a9b2d10a983b4a02236596fe1d61d7a444db5fc59cc6d2e3,0,80.07,0,0,1.27,0,14.97,0,0,0,0,3.69
00b0882dcfbcddb9c62083984c61b20319ca6cf525d0d238a1a6539544e36cbf477ae052bf9859e9d848761a527841d3c1150893af33d4087bf091fe0d1c39da,0,85.63,0,0,0.18,0,0,0,0,0,0,14.19
21f6354551484d3624cac1fd36f6cdf977aabaeb4ada23930d20a44b7179e5703de672554bbea5e56b0517360d0a9dfb018d36181e7f188fd4adbfbcf5f9b28e,0,64.43,29.78,0,0,0,0,0,0,0,0,5.79
1c5c54ed4f4a66b25b0181fc007387111c8c73d79e0d4ad4990b01d72c18b3cf6eb111bf057f5a4a769d0dbad74912326b72dd83c86f6d99346cfe142f8b4996,0,0,0,0,0.2,0,0,0,95.95,0,0,3.84
5e2bc681018333e8e50d6f8a5fe89b6c92ca64c5d8e0acd718009f750c5915154d540c428e6888263627f24ea7f1ac0b30b9e9147933da03449a83fb406d56bb,0,0,0,0,98.62,0,0,0,0,0,0,1.38
813aebadfd5164fe2d278522459919ec2a49625ec019b6494089085faa1a6f746d95482f4ea4674192df2413b14950a7f110f071a77983b2f09a11ad8820b562,0,0,0,0,0,96.16,0,0,0,0,0,3.84
d7cd9df0be3e170475d0fda07fe9ba938eca7f93a127eb063bd6b273e6b63f9ae680303fc139e410127c361c7dfc0ffcf789a0b27f8ef1a38cba1891f4500cb1,0,91.9,0,0,0,0,0,0,0,0,0,8.08
9d659c989c357839a22a12470f0d93f8133ac51915b34dd2fcb08c061fbd10f6ca35eceb2d2ea8844ae0d049e0f1f67a0aa32c7131cbfc8587757b41b9afd81a,0,72.62,0.33,0,0,0,0,0,0,0,0,27.05
c57ae9efe1a39a59cc2fa6b8aed3a5cd55783f273a6ce80aad34971fc5e2d146557e9abac33a7e67f667b7bbd8960358f9f6ae4afb5dd07f8ea933373888523e,0,90.99,0,0,6.59,0,0,0,0,0,0,2.41
21419c396936c56c489d53d5a1925491475d1c6ce5f5e246280633d30044b9378947ba6b918b1d6cc1f683a2baf03f5c2d647a349d303c9b032df12de59f1574,0,1.53,79.16,0.01,1.9,0.4,0,0,0.82,5.07,0,11.12
6b78fdf023c64ce900d1e76a32d221a0c7d791b0d273af7c9c7589c9a625ff647ef46e077cac10c0bd1ec5b4479d84c987728d3741967116b8412a26e3acd6c2,0,0.28,83.08,0,0.4,0,0,0,0,0,0,16.24
d263d8856edc6a3c7ce4566c4d5a36609c05ec20ea3b65574f3243de5878a16a685d49e53d4dc914098146d78af562850cadc1877742b0f63e34781d0ed5da6a,0,0,0,0,0,0,0,0,0,0,0,0
b228115a2494493f664fb67663336e3d56c26c83f2881b8c63384f10d81f00ec9b85c5d0cfa785396963443b915b4904c1c9dff3b5b5dc535195c5f69eb9d984,0,0,0,0,0,0,0,0,99.83,0,0,0.17
297ed8eaa06365ac129a0e2040cca3801263ab53ab351dd9372f96c8d79a580496d1ec8e67ff892f3abe2493ef2c377aa6c01d98362ce09b12b4a9c874700eb8,0,80.6,0,0,0,0,0,0,0,0,0,19.410000000000004
5bb82e089a04726514e9bb7ee2a96a12356f2ab16e14fa86cf6a97cc67fa739019a9d4b30bfdf9b053d93984e21cf05d4414c961a4dc179987fcf8cb436f3395,2.46,77.28,11.13,0,0,0,0,0,0,0,0,9.15
cfb361184d7b9bb06a8931e85a66d7c3c7d7b15b9bf3274f2c99107f790689f5a956262cebefe8ce834d555c1c9aee2c0195fdc5cd20871d9a8f2c8efcd33259,0,85.48,4.57,0,0,0,0,0,0,0,0,9.95
d577f4b84be4a0d4ca1380108c300a21620fa68dcd1a51a963e59c546612af190a66a0f740ff4be0011346dfc039d5d42baa2ce264edb28ed58e09079e3f3eac,0.0,2.88,21.51,0,12.5,0,0,0,0,61.09,0,2.02
f9a428e8e5a6c53cd79de00b5e65167a00f334924dac8fdf5da7839453c4d2f109a333812085f8662b036d7cdd9ce13c21792a31d77bc1089895ba27ca54590e,0,98.23,0.03,0,0.26,0,0,0,0,0,0,1.4900000000000002
6b651be9a0ba0ef7b16639ca164245bac431c28c81cbdd45e8e14977d7ee90adc7a254926752a715991c6d24a6ed466315b6d6a2f83953448829d82640cbe67f,0,0,0,0,0,0,0,0,99.81,0,0,0.19
51e1ca2d10d5f974607676030bd1c671fae2a8062725a3eaaf5d3b2439616d0f219f9389fa138222447f0700c504897b82643153521b5b93f05662ed252748cc,0,24.1,0,0,1.5,0,0,0,0,0.47,0,73.92999999999999
895f9a76bf942a04f29c76e960bda68025c63b6134590847ff9759dca6a801705825789ba2ef40a50aad07135f8c70b77139fedc1f2432c32b46f2cf24731bbe,0,0.04,74.08,0,0.26,0,0,0,2.54,0,0,23.08
5773758eab8db215b6af9bb2cf7ed049f57cea1531b403d98e8bf872206ec6266c74ce3d294e509bad7b860cfe67bcee08d4597f8ad7af76ed0465655fc88858,0,96.12,0.12,0,1.97,0,0,0,0,0,0,1.7899999999999998
e8f2b4ff17e4b5c4ac778514b59e694242df2ae2bc32ad628c01173e90f5dbf4e2a4eff7809a078f2ac5d7ac48e2b539bc00f6a269ae955df51e77e603e1164d,0,0,0,0,0,0,0,0,0,0,0,0
506983a6ef7e819b7693232782b0527cfd7df5daaa46dd641de250840b64a8477615d003568a0a54a1fa9ac06b563e7a8a5d6da48697217ee9969bd155b7f315,0,0,98.11,0,0,0,0,0,0,0,0,1.8800000000000001
0cb8bf1be19e3267164879a6a3a9e5cd0a3e6a997fa8e013bf945a18ce744cf4bcc4ccccc8c1f2da1bc37c84acea526ac3c0bc70c68fb9b6fef910f5338d6f92,0,92.91,0.01,0,4.11,0,0,0,0,0,0,2.9699999999999998
6a8d0a159a3a497b04c16f15eaef79ba8e0c389ff036ea7ae612b288c17908c88176985d4892ea49d70f805a4a867184ba47779c9e3b1548eb0618ff8552ce84,0,2.9,84.67,0,1.08,0,0,0,0,1.51,0,9.84
18b2478cf672cf32417b60c51d94fa0c1743e0862c95dfa85de21687f3db7496cd2456e2ce82eb524cf87bc2358b6cafab623557d6fea5d51eb83a49ccad8ff9,0,0.11,0,0,0.87,0,0.14,0,0,0,0,98.88
d2445edbbde089e8aef35a65cbb2655e0c486339c3c56608daf98d595323ad7d2b8e6b94ca3f48d84bc9b2a28337132144ea058581d6daa6c6b5d5f514a76190,0,66.96,6.43,0,1.21,0,1.53,0.23,0,0.0,0,23.63
7fcf530bcffbf6bf62cbddd2805f0ffbf4303f30da72242f4ed4b4ef9ea980734b739bb5f781e49a0bc47db752833bdb5d46cfd973eef00e81a5b0e1b8ce653f,0,96.06,0.36,0,0,0,0,0,3.57,0,0,0.01
ef5444ebe71ebc57937a80aa6d839d0be144648cfb09da843d989a7e85c1cbe97e2f134031ca242ec57f513d6c64a4d1c9ece37032ec9cd8b6bb43ceb02d23d0,0,87.36,7.11,0,0.43,0.51,0,0,0,2.56,0,2.04
4123b08d89630fcb88f59231f5e82fcfeb0debcec57bed5be7c04862f117848ee9779a9cacb0f073040373f3776314b49c47646ad6c7af7c4b0bf0c227e80410,0,0,0,0,0,27.97,0,0,0,0,0,72.03
459ccff88cc69a03301d70a2cdc2ab7d7ac5a6ad46f7c3aa28e1b8e84231af49349a0c761d11a85776a109f5027840809a5dd596da96de766794081c5394a301,0,99.28,0.07,0,0.17,0,0,0,0,0,0,0.47
b86a63b153008016d1ef1d32569fbdc3f018d326bc6c97034dff25119c060fab704b7309e68bf78835e4908844c474a0df5d6abf34ada86b27ba9021bb006e0c,0,36.81,0,0,0,0,0,0,0,0,0,63.190000000000005
8fd57a65fe80a12dd679ecb1948b78ead5418639866267a1c3d2d61ee539e180ce1ba5fccb7ccfaa4c28c76214de90f35c0b68cca45d00afd3a2b65b42c7b0fe,0,0,0,0,0,0,0,0,0,0,0,100.0
25f3959a35977b560c323c239f9d3ba0f9cd1f685facde193ea23891371838c08eca935158c82acde5ee2f388be52532f870fdf32e1a07880567f0894188e694,0,0,0,0,0,97.04,0,0,0,0,0,2.96
44c6bab38e1beccafeeca538a9eb00a684fff716378af1adc38cada31bdce698dab48182cbd1cdd3ef4c3f65821389719d145b1a2580bdb238304574fbfb3e7e,0,65.76,24.1,0,5.24,0,0.04,0,0,0,0,4.85
867fff67bd28112c840945b80b4bdaf4c3f96d031e1906a0a4139616658f40c20e19d0a9a9f9c77bd126a80875f34839e78d6ce859194067a5c6343782815ed0,0.04,49.87,0.13,0,0.88,0,0,0,0.08,0.25,0,48.739999999999995
b0c82c6a36b15e22d4b103e8252abff5391b7153c4f977d24fba197c33f7b24df421f43e174cd14b975818e6298e56380cf4d886087b5b2ba65a3ef9828c0e21,0.01,89.87,0.45,0.12,1.8,1.64,0.67,0,0.55,0,0,4.870000000000001
9749c56d6d101ead229f7faea5807800985949fa80422d10a480c465351ba1c6d3bdef003527e17aa15e6d47fed594f65a9ef9f856dfe719d238cdeb5fdbc8bf,0,0,0,0,0.2,0,0.8,0,94.32,0.04,0,4.6499999999999995
01a21ac525d2dbb8917c85fcfddaaf3391e62c70664680b14a2e7d124c4342f5a4bbe6ccee8df3107635bbc138f0c4aace1372dd95a3d21568457a1e0e18f74e,0,83.58,0,0,1.68,0,0,0,0,0,0,14.739999999999997
ca9541df1e06a960728ddafb79edc23f33d5cb8375676531b73e26bee2c8cbd3c555c868a1f21f1a73254576b72efcd3e7d8997a57c839ffea40827d84f753c0,14.82,83.84,0.96,0,0,0,0,0,0,0,0,0.39
39e3623f784f364af894c1de194aedf68c5f12e06a716dd8bc7186233d769f06bf797013c2806acd1f073037c2e9ec589fd504fc62a21a6e29149a634150e951,31.83,0,1.06,0,0,0,0,0,67.12,0,0,0
37229fd62a73ca7b2c0ecf398f51f92d977e89cc3e8d3f598d1dbe94d815c2d0669620474cd637176ce2b9626d6035b1530c6a5462e2611659887d036bdbe907,0,0,0,0,0,98.63,0,0,0,0,0,1.37
beba013f325f40d6994d7657fbdd30e6aec52ceba4a911f4a879d371c5ffc5eea4ab350c549a5eca4587aa663f9db6cf4e8872fdd8c9629670b9422b70c5a278,0,2.07,92.02,0,0,0,0,0,0,0,0,5.91
9481e5e3dc77e1e07770a7999295399d5e75d7d664a12ddb70de29b9798a3f2cab3ea60788fb17942af329d7a92d69f352023ba25c8578ea0c785ab2495dd588,0,8.05,86.35,0.1,3.94,0,0,0,0,0,0,1.5500000000000003
cd938a45ef4d1499fdf6a25ea7b9724dcb3e7a80a81e2b4e2acaff74293ff2a3f05eeeecd92ca894a0ecc60bb0ef5b7e3f9f08e65659e17db848d144acfd4b2f,0,0,0,0,0,6.85,0,0,0,0.28,0,92.86999999999999
6e27d22a88f8c522e1b869186a273ff9aad5b158aa176cd53c9bb31ec994e76939a6c0b26eb19f2a6a9af43a348418810ac925497ea7e10ca07fcc25904d57c6,0,0,0,0,0,100.0,0,0,0,0,0,0
8779206cce5f116b4a9b9d23537db85ae0d581a27fc4efe628ad8f2168b51bdafc043963e12e163c1ab9a6ddab3f7bf037df27b0792b26c4ffde6c41ba1c656d,0,92.5,3.57,0,0,0,0,0,0,0,0,3.9299999999999997
e9e83cb986bcbb3d991b91b5bf839e309eb5b7b3f9c40c7250ff49f8dfbca750b764ab86adef92ddb0cc2ffd649b88283495d8fc1554cffb44ab4d0cb2288ca0,0,52.11,0,0,15.31,0,0,0,0,0,0,32.58
64f8f97c2a80c784b85dd29a8137eb47fbac27e0bbbeb2017ee5d656ec89e84cf3c9de29f01aa7c40ed13f2efb27aa3bf608373ab9a7904eaa321281b98f0a28,0,98.17,0,0,0,0,0.8,0,0,0,0,1.03
6f6bacba5db6557b70956dd9e6ec8d13bcfe541d2e78a4d2c8022155cede43d5ac863df193a297f2a30b4e9450e7daecf98bd20b2aa504f2ffa826a686e8a0ae,0,0,99.89,0,0,0,0,0,0,0,0,0.11
0c26da9e599c1e5210cf110ac80517e432cb4fa25092644e84a3d9e1bef32eba9a42da597300319fe501658256042952c256f46bfb97af00030b001a915d45ff,0,88.47,9.41,0,0,0,0,0,0,0,0,2.12
b265bbbbae236822ed7813f262e081dee02baf6115de97cbb6a13835e206260ec4c491436f169cdf9082373d8889c73a1bebeaf94b4408e0c51515d6921a389c,0.01,0,0,8.63,10.28,0,0,0,61.75,6.59,0,12.739999999999998
75617b89a989458325125367ee619b1402c6396e04abe521c676aed0b50ba43b7d67066424dc948f71ae309479969a0902e1c5f17eff271d5069f53d486db65c,0,0,0,0,0,0,0,0,0,0,0,0
49ff8d0262514ad1c35327703f9e77eb3f19966630f6433de5bd47f7c4186cc4d220c8a882cf31268fb7558613308b15311394257ef0b9da32d9ae70e1c0d95e,0,0,86.35,0,0,0,0,0,0,9.21,0,4.44
4276ffb4417f793b98c039edd9822986a17393a813f59b06a29968c0358e98c81fa686ab50a4221ae945297400d9313d45b6b6e29333e1c261855f8a448eeaa1,0,92.46,0.71,0,0.53,0,0.13,0,0,0,0,6.17
a57199f0627c7fcad05750b3a1cbe41890ec484d6db964f6f6c741928aba80a868ae7af0b0d698d8138d6fcb9fea5637a3e5e8dd8e24212226fa8ca9ee63d58e,0,0.25,55.39,0,0,27.16,0,0,0,16.62,0,0.5900000000000001
88ce4c53b7a8dd41f99f8bf0570f52d28c4e7af54f2e8966344b83b9caf1727c787d93cb3cc47b50ca35a9c8883ec68de88fa41c70909d21cfd5ba3175f771aa,0,0.42,21.32,0.01,6.44,0.56,0,0,0,0.05,0,71.21000000000002
8e9c2baef4bb775528107c623e8cab15e726fa6e3709a8bb29e6a0a6c4f7c2d49962f6a3bf94fe8bafe273ed659df93f5380f9388b20f462e94a704337cfd6fa,0,90.17,0.01,0,0,0,0,0,0,0,0,9.82
3b445a67583fb709a70e06cf2ea4dcc9787f071b88176d38a42989fc28befc29495eeddfbb3f762e2ea3eaee30b0ea08ce09ce14661ec8ec8302ab3fb73a305b,0,81.8,1.49,0,1.44,0,0,0,0,0,0,15.27
b004cb32bac4f49a07226983d19ce53d0235f51de8cabf3bdfa4eeee718f42c26cfbbf21bbf35f535837be410d33beb8206de79fd428845057c8612419f16f60,0,97.95,0.06,0,0,0,2.0,0,0,0,0,0
f72e6a336f6c9083804ce6f191a9daca150364a907d5fe535ab13566fb2d651c10bf09ce7cd3ff1d70bb3cf30b0e1289663c3c1cc00952cdc0f0206afc68fbe9,0,0,0,0,99.96,0,0,0,0,0,0,0.04
cd2cd8d1068f1f789bad243e6ce8c405dc82ff96def10f2342eb88aa027f51d9697827c70d1e5495a3cb404b4c5ad6c12769d28c99fb23edd42a01b5121d14bc,0,80.88,0,0,4.93,0,0,0,0,0,0,14.19
b28fe4b55096929c1b2bfacdee0f4c1defbbdc6f7c22489fbd21193c7882a56e81fdf7e68c5c557edc51ebf61330bd6936179ed5c0f4d0b191306b12e6d91721,0,97.43,0,0,1.77,0,0,0,0,0,0,0.79
c614852a53244ccb39fb7422fd9427e63387654aa371f6e4fc30ef7f54c05560e3f0e0e2adc0e8a9b7bcea30d95e7fcf430fad87acf317eaeea2696765e4bab7,77.57,21.91,0,0,0,0,0,0,0,0,0,0.52
6590c5e0964a1e707fe9f7015fd5197a7b603f15fa3e3b43ba0ae7c9c239b7463f18bd48ab09de52e1e98103a7306181fd26c2936be80638d61d6d238f082cc7,0,84.52,0.34,4.38,1.53,0,0,0,0,0,0,9.24
b4d948515262e6ae0d08ecbc6be1a3345d4393aefd6114747f42b88e3c2a294620456c232a5177d8baeb9bf4bf4ea6872044997f1602e0611bf5ce64b2dd0566,0,0,0,0,0,99.8,0,0,0,0.0,0,0.2
7d0adac55d2f7c055ec78f261ab65146a7d915ee712e4299d8f08dcf92a148bffe459a388649bc3bc6634ced3c3e727f846010793899b0e61775f4f03cae19eb,0.15,0.69,84.01,0.13,0.76,0.25,0.03,0,0.04,0.04,0,13.92
34df8213d0272d559e198297d303093276c09aec5b55968e9c7005ce7c410d285997efc1893f202b66f3ef6acf4df341312032b57c3e44540fb21cdf4b7c5500,0,0,0,0,0,0,0,0,99.31,0,0,0.69
1622f0580724acb754add90e77cae561d65aa64d365edb65690ede1e8cc7d81c21f7be58c3e279d07946900b39d0b064c8501c71484f88c4a57273cb6d2e0a24,0,95.34,0,0,0,0,0,0,0,0,0,4.6499999999999995
80cf43fe8413c2aa537c0ea4a8bf7ba8f51e49adafc8f10510e3b92f6ef5dc19babaafe834b49fd049af173a0ec1234f0c0e66f9da9218f657d6e9dcd75ff30d,0,2.55,94.46,0,0.26,0,0,0,0,0,0,2.73
ab5d9139873af0c65b7ade252cfa9dab886402b643c43ce8e262a75a659449c0b78e42ed17afd928157edb064fde1b76ab00652013c62da30f9ec1815f51b649,0,0,90.22,0,0.51,0,0,0,0,0,0,9.27
42fbe737a74849b0226101c69a8cbfb4dfab5ee21d94c702b2a4bcd8d4f9c3dcdd91aac522eb47b7f6b4f33bdb691e502aa12377392dd1bf0a0f92eb96b493d1,0,85.41,0,0,0,0,0,0,0,0,0,14.600000000000001
cdd405ff24dcb0bd969350dbf440b32f3fd5bfef5cafaee72d6ae4b2afc839aadf0036de495fd27a525b35e14133525669f1b9f283840f66ae47eccf04d01531,0,0,96.93,0,0.17,0,0,0,0,0,0,2.91
bcff667f8c0adb493fde0f6412a32f996baf8628c038ddcc3e87ca11ae59791eb6b9b79d273ab6eac74f0f2ac1983c435d333d6fbb7f28ee9ed808751b598a54,0.11,90.53,3.7,0,2.63,0.11,0,0,0,0.32,0,2.5899999999999994
472da840403cb5a6d1ba11a9c6ee134e694199f3621914b1228043bc4766b78270bc8b0430b655901f80a157b97db5b1c66971cce44cfb1af4b2bb6935f2c7fa,0,89.72,0.46,0,3.69,0,0,0,0,0,0,6.13
01a47c4556531ab842baabe3e35f06c09dc19f19567ef67a6af3afee881cc8b3c3c6b7fe9179bee57ae08e785fcf22f59c654f6783663ca21953fb308cbb21a7,0.39,80.97,0.24,0,0.35,0,0,0,0,0,0,18.05
94daac1d1fc3b24837c496ead3936a10adf7a82c571290b5191facdb11b300479eff30eb0ea202dec8dc08ab7b3bc0d5965bd9625ec7f54c6e94a914f1254c9b,0,72.63,0,0,0.01,0,0,0,0,0,0,27.35
72020a705719b836e925350d585c62c26d00a15e7e591d752a01149fdfcf52830af08ed18abfa46f4aa3ecf4b3d6bbb934f3e4ca6ddec7b6d71081f6a1569fba,0,0,0,0,0,0,0,0,76.16,14.86,0,8.989999999999998
8552deb0217b99388b8e774516b767ac1eb3c217fdb2136eb7aa3b20ae3abb15b916239696f2096f365b683c2234e9c475f0f839a995915f3365f42886f713ad,0,35.02,53.39,0,2.32,0,0.01,0,3.14,0,0,6.11
c7d79fcace10b3115428ad12943eeee8eff4435dbaabb845f6f0516faa5c906aef62b00cc63a09338ceb186a0b099e47a7a948541923dee85a902fe13e58fd2b,0.62,9.97,67.27,0.24,2.71,1.41,0,0,0,0.02,0,17.74
443efccd4485e08adcec3b89cd9b7fb0980464fa781fa779f92445951813b43d39fd9bcf5d88df0724c60054d73c11685096bfe2d07023f792b72d1751173054,0,89.45,6.2,0,2.24,0,0,0,0,0,0,2.1
482ae53ed96822e4962caac9bf47dfc5f8fa481597f4f236be9d72cc155d5ee2138d8f1a7ac3786a983f7a4f23d13ad4e324e4211dcd3701ce754dcf09cbeb3e,0,0,0,0,0,99.87,0,0,0,0.05,0,0.08
dd16f6d7663c3ada3f6d89b90b065e449cd2beead9cb69965e6df306d16152dc047fcd687d29d0c6c09042fd8fe8f91d8615f1b8bef07615bf2f7da416071495,0,94.26,0,0,0,0,0,0,0,0,0,5.74
ba1f0f9ba8f070074f8d2f09997f0e09e7ec783a44a7a39fc2f09246935b210894defd559c78e5a901f2a32ef165549efcaafa454821a7d9b6cd955bd73d16fc,0,0,97.89,0,0.16,0,0.05,0,0,0,0,1.8900000000000001
89a23e844b22e8dd42f0ce2a6f80eae2e189803c83d8f02ee7a1b51e8475aaacf185dccd7a1d8ff04dd7c0b7f8d6eece269dac60551e4c9c8f996342ab3002b0,0.9,83.92,9.59,0,1.06,0,0,0,0,0,0,4.53
c16a4aa4524e9791a53f31c64e18b01eefd9e371054101904b8b1725c4ee50fa6714117b6ddbb1a19016cefb89c489fd19fc88f7295f9e9803720db21e9c98ec,0.39,66.07,18.43,0,0.14,0,0,0,0,0.66,0,14.319999999999997
6eabc503bc34e350d378b0e6d3f417292ee091b6c89c54bc66c9259be7818624860ba8899daf4bd244fd0faeb56d576ac0b6d969d19ccb88308156a152d202e3,0,7.11,89.93,0,0,0,0,0,0,0,0,2.96
3229acba2c0330c3bc6204dd5d6f11fab75cac74d46f45a2734ba6941a2b47a268e56bf936ba51f880f51687f0649473beedefc73260a203c445563c281803ab,0.22,74.3,0.17,0,0,0,0,0,0,0,0,25.32
96f4e76f5c1bba7700756b5b9deab17984ed84b32a69e365a643e158da47f47ee0650f85574a5082ecdd50d2e11ed224ac52e6b84816041bd33c449689a225f7,0,0.0,0,0.03,4.67,0,0,0.38,93.84,0,0,1.07
23dc2e8cd4c963e9719552b25f0f160423b4f81716f5a2a53f2c8f0511c496da852b1282d1e9ebac8bd95972abea3c242e193fe21a6ea61ed3110d61dc8dd4e9,0,0,94.02,0,1.43,0,0,0,0,0,0,4.54
b556f5b014e29b7e21f1879672aff34cb7a65925bd700e09436a484e1df74f1362f0eed1dbfc850997ed1eafa8556596ca46a8c505624fbdc712957a6f490e2f,0,84.24,12.84,0,0.01,0,0,0,0,0,0,2.8999999999999995
f93fbb60e0a772e1754448f1a221d882ed35d018517ebf5044b6dfd6741d465f13dca8c8cd9bd100bd13c51f49e4c59af1c1d3cca337f89b8fd00d49444de936,0,0.01,99.94,0,0.01,0,0,0,0,0,0,0.04
69c22d1ceaab578ead43ae97c9a3886eaedaed2dfb0bb925f8f366b4b2b723a8c836ec117a91a01fb462fada808c0376fd73e0667dc043ee8b47dbebfffc3623,0,0.01,0,0,0.04,0,0,0,96.63,0,0,3.3299999999999996
eae3ecc975c9f895c32b5fbba7574324e3ad59534d093a51931b02fe806598f942a488091302fa164eee9ceb79817a6131365487d07ff04fd01c477ee4f69d16,0,33.69,62.34,0.01,1.99,0.0,0.01,0.08,0,0,0,1.87
62cd171539230fd2322f915eb2bcd13edf2ba54612ef8eb93e61d315705313f4b9c16d3b1dd0c5fe0e93b65e147ae715b65b260b324ff5a9ce656af3463bebc9,0,97.37,0.62,0,0,0,0,0,0,0,0,2.0100000000000002
511a1afe1e3dc154d9649dd89f0751cfe3e1f9c2bec2a0849b0e7925a2510496fae5bbdb648b8934eeb2d5f66bf12d6ba8f9fcf9c4a55eb7e6b9b1544ef2bb4c,0.13,72.82,2.4,0,0,0,0,0,0,0,0,24.66
36569e72745497811f09c06c33b561bf1854a425f8a0613728675e06a341733353c6564829a56ec011c106ab4733bebe4eabba3bfc6c84786191bc973c747b5c,0,2.0,95.91,0,0.62,0,0,0,0,0.01,0,1.48
546965a42d82e1624057ff65f6f3b7e4b472b034cb12feba7012d6818955bdb4394bf377415448f9b84776744137a0d39608e5eb1446ca5c7a6e627ce829e3f1,0.19,1.65,0.01,0,0,0,0,0,0,0.08,0,98.08
2f31df9b623bac300135e847625d918d7a448c69e8cb5cb8c613248fdc6c4a528be0ec946cebe5e3c43a5a640a1e970358d9216c03983a121da4571665b16315,0,97.28,0.0,0,0,0,0,0,0,0,0,2.7199999999999998
5d66f8a78fde4577e957941664d7692f2909ca3d5fb5535184e718142038deaf339ed51abc83ae943224e35d0005ddccd5717a926e4238bdd7686751613c1769,0,2.31,93.63,0,0,0,0,0,0,0,0,4.06
26453fd6e933794b2f2759a3d7faf6cd2d6c8566757fd19e4b08bf278ecd77c66e557a21a47ecd6019f74b84f120b092daa503191ee2c6b7ae174bd9d823a80f,0,84.32,0,0,0.19,0,0,0,0,0,0,15.490000000000002
1bded9228eca0f04b869bdd262c16ce56cef42b5e71fbb864afb330d0454d3f5758bbb7113af1b808f96aef369979c72531cfbb53ca93e4f6355e2c7077294c1,0,0.88,97.93,0,0,0,0,0,0,0,0,1.2000000000000002
4159a38c6397ae1689ba8e1cea6b27baed2c7df4ea732d99a3b4514875c1199d206737e6c199527a558ea39b70adfca52ba7de3c40fd0ad5133dafbc27017219,0,31.69,61.54,0,0,0,0.1,0,0,0,0,6.67
6ce31ab8e8c52ef3239fbfef9d31013210f44f2cfbc1572ca4860a3ab582bc557128944c3cc24d4c6e38850913e1910a3c21d89539cb17056746349354c900e6,0,98.6,1.19,0,0,0,0,0,0,0,0,0.21
b32dabbbd3da310f42ca4c1806177825e0cb80fba40f3596719dcacde0248082e03c9e02592b91733a2bb336a11ad0be185d19d39b4560a09741b00a7c5e8a3d,0,100.0,0,0,0,0,0,0,0,0,0,0
11fe83e8650af254b983cad3d014438b669ad8d5a6adfeeb1b3392e70bee86e21f39be414de358256368d5194e2c9535140626c6259e1219ffe34bd0e888a9bd,6.31,91.75,0.17,0,0.05,0,0.0,0,0,0,0,1.7100000000000002
4c5697ece60c5ef5eaa8eae2b7c3d7a65281da8bc784d091e48f86d771f7cf88db298b8e26c83d27b463a8a01b50aea151c7b9e0de077891599d56d2c0047e0c,0.58,94.27,0,0,0.48,0,0,0,0,0,0,4.68
06ffcb9212ae685d3a59fa4e34d22989b15a0e36d5835f0c9081c284f4823c3b6229864b610c380858e653888b1f6b83ef0a5c2c96ba8511eb13428a501056e1,0,3.45,89.98,0,2.61,0.18,0,0,0,0,0,3.7899999999999996
7ffa0999e96d661c5b95d517aff0c6068978ff23d13c6fc11affaac785492caf2c2f16a4bb5f60ef34a0abc6e7b5ec3871b7f3ef1cc6c700c16f2b2261e284b5,0,0.13,35.31,0,7.35,29.09,0.0,0,11.84,0,0,16.279999999999998
8df830d76dc84041ca2be41f03aff9ba630f3e53fb0ac4285fa6e169c7dc1d70da0f67a53617079dc8e186e2e2c64f48ba37e4d6e21564d1cc1199108c666a38,0,0,0,0,0,0,0,0,98.04,0,0,1.96
862eea4da9059c31c8db5f3955162370bed58e4eb523cf08da22bcbeb56313d75215e9377f8ec4cbdaa753cdc09adcf88801b6bdda4c65e60e1eb2a7a789e2e6,0,95.0,0.33,0,0.49,0,0,0,0.03,0,0,4.15
f0740fc2b22ae57c37d60154684224589e245a4358da82557523b9ed6df550ac1027ba92e1b772a7fcc4833a0bc7352d89c9ac61647258d8ba67ae47557cd451,0,42.22,45.1,0,0,0,0,0,0,0,0,12.68
30597f7402eaf29b5e7e98f215fce33c74a4841ac5e3edfc68ede7b3b5d2881ef6964cd375e785fd35c9cbc7b15ceed045002855bc8e92e9c363a87bbfc0e06e,0,7.43,71.53,0,0.34,0,0,0,0,0,0,20.679999999999996
609ea15465852a32506db20cfc08700ee80e2a5d923bfe59426dacc13c38bdc5453c32266c68c885aa9f4303e7726a996e577d4d19e9e21fcff79e8a9f85646f,0,87.26,8.16,0,1.6,0.18,0,0,0,0,0,2.789999999999999
0eb5d6b837016f0082c90caaad74dbdef0273b2394b7762cf727acee1aacf3f26c475fc7bcf8bd22a27de699de28808254e67ed73973c3ab0a046f0e5998b313,0,0.08,95.6,0,1.49,0,0,0,0,0,0,2.83
8c0043627ba742c664b5c3bc6fff195ce3aa88f2e8232ecf326137ca1d445ebc3671ec4a8c8d3bec6b2a4348ea28a4dd08d5d69aa8a37d912472a8798be16b92,0,77.36,3.27,0,1.8,9.47,0,0.01,0,0.96,0,7.13
7d7372304e5d8ccec680da6cfcb54eeaf53936b85dfa7b55c17254af5c8de5f222d77ddbff774abafef5d43c1c8aaf6ac6d11aae81b78462e1e26f1e1ab0bf41,0,0,0,0,0,0,0,0,100.0,0,0,0
0611ab042b06b036e194fdecb9ef9a5d7d332b768686346be09586b7bf9b9b3f30de95a697943aade0e15d7146a2ce4e189f649642d3379a10c3fc074c679ae6,0.05,1.6,1.25,0.26,60.49,0.3,1.34,0.26,0.0,0.04,0,34.39000000000002
e411de3589743ae81ef503527f921bd6d217e4d0d2c7aa9cf3d27bf89577695cb0016f8ae2e7a4a97ec2febf63218ecba9594e6210bd85bd0d089a519836bd4b,0,92.96,0,4.19,0,0,0,0,0,0,0,2.86
ba8b4861d86dab46cd9c60b351c7b974bf4a3d7a768c8085805178e647492a7f7745e02a3d5c82ba681a655938a0b188edae78884c1b88efa7b76f452a589841,0,0,0,0,0,0,0,0,100.0,0,0,0
3be75a31638061f003a81dfa21f2e384aadb21a1e2521de03a2a2bef678599ff43628dbba451024a8d5edff784d1163bfda5481ef70efff37367ceb15cd13733,0,0,0,0,0,0,0,0,0,0,0,99.99000000000001
5848022c4b8c44d5316515e8bafb8c1022fc310c5a4b7aea50cc1c9a0f3c8771eacd40d8d85fdf34518a1e2016f50de6cb9d36565f924177fccd8566933b6714,0,92.12,0.39,0,3.33,0,0,0,0,0,0,4.180000000000001
76064234c3273e2efe3a34a1e1df8aa841a44d45ffefc7c2bc8418e83cd0375c0b3ab6a43cd7bb2afe6115823d1bb14559bb6fa120ac6eb22ad8bac18b07009b,0,78.91,2.43,0,0.01,0,0,0.03,0,0.65,0,17.96
7cd5aab608a242b6fe547040316933a90eb49f80a89323a55830ba3cd6b99dbf332510034c958e697579cfc6137697e6f833e28df833a7b039a0d7443687c092,0,0,0,0,0,99.47,0,0,0,0,0,0.53
8ce155bfc842d7cdfeb4a7381dfaf5c11f1e4d3f2f36364ab773fc71fc44c4da52741ad6d3e4519c35121c01d9f750050d738a07c0022e150f5fab91cd423087,0,0,96.7,0,0,0,0,0,0,0,0,3.3
63144fe5b18ee340334db1421f7f70ffc7fc6578201e166087d1ca2fd57e38a8af1381d066461ad229ab6233409fadd452fd41a6baa8d8f3a4598d2fcec1f000,0,0,98.54,0,1.46,0,0,0,0,0,0,0
26f2df05613ef72a9d05da60d2e26c65e3624eb2ff77eef255e3ac0bc29505d8cb4ca6c4e7550af937ed64e95428d124d8946ee196325a6d19c6e88db5b8a194,0,7.39,65.66,0,1.38,0,0,0,0,0,0,25.56
42a917feaf17b64aad88a985c68761e1828fd3fc95149c664110d7cfc41fabd1e3fbcc9bc32391d1e1291150ad19f68da21f07516abbcda524fa1a777b1f9cfc,0,0,0,0,0,0,0,0,0,0,0,100.0
3f5243f73a7af6e97d655f1aafc491b30169d746fb13dc93708b0d758aa83f6e6c1bec574c9b5d68af4f69ef8a26e407153bb4cae5b8fc713309bc8edf0c0634,0,96.61,0,0,1.19,0,0,0,0,0,0,2.2
6b7e69a79529bf0dfbb415919436a4796bb209718db780a374c15b8dabf3c55cccf22b2b4c39e8aad9f858ffec2cbd216f7d4bbacf5b9b577d5f637b2c0a85d6,0,51.28,2.89,18.58,3.2,13.74,0,0,0.47,8.21,0,1.62
9b50ae874f523125c9d26542aab56a0edc2b33caf4fb2cda9cb60b4c26f02bc035bb49b14408f2f9b8c85146c74d6bf1bc802ef190fa88deaea57b23044ce8fb,0,78.05,0.31,13.61,0.1,5.47,0,0,0,0,0,2.4799999999999995
b8eef0f6ddf936abe7b7cd658a59fdba8ba254e179e255fea56ecb1854de6173a990a2de5c30c64e7c73c496cc1ecb6aa54fc497ed54431e483a5d80f1d3f8c9,0,98.72,0,0,0,0,0,0,0,0,0,1.28
6c8f2a5a3677abe79eb950c0d3d4fbfb6a69cc86a94b1e3cfc998cd8b775fe7109de667b55eefc3afce673bba449ff374859772211829b6e230c973a2a0513eb,0,0,0,0,0,0,0,0,0,0,0,100.0
e44aaece641458c740e9d18ca4dac6c719b3592f7236d04917e597fddd01ae28de27f81eb0b846b92b95022c39acf052cc3bcb076dbd16e2363846f9947b3ede,0,0,0,0,0,0,0,0,67.52,0,0,32.48
21f250b2fd7587c090a1f149fbbe079c7d7944457b22b4909040e45e0979dab89350452a3cf50c2df2389a47a882065aa750ec60694f6016188c502c9e7f2adb,0,0,0,0,4.12,0,0,0,0,0,0,95.88000000000001
1236085c50d78857358c1a8aa94146bbaae78dbe853d47fc0a2d1055e2e1912963c04f8c5125583ec9e2b022b57770b29fbf6c741d589889629dd986c989663c,0,43.23,0,0,0,0,0,0,0,0,0,56.77
04401e52616f24b7c38cbe41ddea18c9b69ea1d29d0cce4370857dd4accc8ada13534621615a31afbc83592bcfd48f539d779ffd293dabe258c8c93fef3b1255,0,85.73,0.08,0,0,0,0,0,0,0,0,14.18
b4de67326882f74e1dcd587fa58d1c94ac7857d88c54d721ca454b85ad83db2820b930b2dacadccfe1d79763e87c5912174eaf88b07a908c543b49ec55d8e57f,0.0,96.6,0.54,0,0.12,0,0,0,0,0.18,0,2.55
ebb413bd9d614765f3aa30799c07799d3f30c5ccf06adfe7442e64eae35507ca15cff4932c861c6100a05a2d01450a3b8805a03cb74001c2407dfbfdfa441a21,0,85.35,0.89,0,3.74,0,0,0,0,0,0,10.020000000000001
b28dc5460e28289b611b85f56211b59a5e0c388877b59d61ba703a46ac37e6b942fefea5fbbae73f9f0e33f7b1de7ed315926aa5e410cfd0edc5d612e095739a,0,0,0,0,0,0,0,0,0,0,0,0
16b8566b57f4ed9c8c92c25561b070a8c872df1be37fd7a15d6a0eea84327225db74cd36358f88d8234d91f4ac41c8e31f86bd97e5ac607b3a45abf2c4a6b461,0.26,84.18,5.97,0,2.68,0,0,0,0,0,0,6.92
3b58803626f420419e41bcf241db84faec20bb6f7658d12379c76b86a3553d88255d6ed222612f4cde50bd4c03c427030796b04ed26bf3e4a61dcbba52f4f2e7,0,93.97,3.04,0,0,0,0,0,0,0,0,2.99
dc8f939fff8e9403eac52e749b56534504434f1f76fbbbd6e01aa289c9982950ac58d747a2ea48fd83910f278b4bdddbecfb179a2db0f571458cfd190cc96765,0,2.46,91.12,0,6.34,0,0,0,0,0,0,0.07
ae502aa9645106895076a6e45b82007b89f4a69efd32e42486a8fb7820de8dd0956324aa903b48347d232761531292d9b37cb8f57e7511bf1389a82935bb2740,0.16,13.85,77.89,0,0.02,1.91,0,0.82,0,0.23,0,5.129999999999999
74c8cbc0e29c5ea8f1776abfa9520c9c6185ec9f46ab8d78c58443ff75c7bcc40971ec61a98f89bf0837247d54b43ef5577a83c4e356252332587286de4d5a67,0,3.13,95.07,0,0,0,0,0,0,0,0,1.8
5256af5b9dcf33c00c2d74fe7be32dd37eca3b2aebab83cba2b103614d5b527d6467593e8ccc0e140e2059557440713e01b6320289a72440b8755573b2e158ce,0,96.4,0.06,0,0.17,0,0,0,0,0,0,3.36
34002a5cc3efa22cd52e787e12e835c6b80f3e5876bd579b145590ff08d795c1e524d920ec04f7b7560c79d58f43e1fe02a4a7b75370316f476ae8792306d70a,0,83.45,9.27,0,0.32,2.64,0,0,0,0,0,4.319999999999999
62b06221ae2cba11b31a2a540e951c7f7afd0ff9fec023b918c6e45000f4d7cb88dbfe44cb75b78b0f7ab3898af41e5c17571166d721728f6db10f3002614289,0,56.4,0,0,43.24,0,0,0,0,0,0,0.37
c38f4b8f8561ad9eba36f99e6b276854a8c59ef83d20061a9c34384f0a00a684963e164c12cbc75478ba7b9076a3b7ef7bfc6eaf9719c82c51def48a764f3160,0,0,0,0,0,0,0,0,97.89,0,0,2.11
8c9a5ba5e798fe1c9f1d05d166f61a505d38ae014aa4a02fd62cbbec229985ec4c733a9b14cfe1b0022f7d09efde1c09fc1976d1703c77bd8e71a09fc8131b17,0,0,0,0,25.81,0,0,0,0,0,0,74.2
5c57260856cce4dec17ca4b7a92d06ef5577de0f3963a10e9384ab32aa8cd1798e23671a3fff01787737168bbc2728d2f74cf04d51c091df6f981e919ddd2a99,0,50.56,0,0,0,0,0,0,0,0,0,49.44
aa46c9b5b35af0d7177150260589f12e72dabf259e7e0c1536cdbd09cb0dd9ea6b92718b371c149af5acc6700ebc514d96bfc34dbe4f37cf5fca948c124fa808,0,75.58,0,0,0,0,0,0,0,0,0,24.42
469dd75e3cca9644a3b5f345df761fc76f1c62a5a0fc4745d76968f77170c927c86f34288cdc91dfa2e32e408324c4d4945649f507d48c41560620b2af31ed5a,0,50.5,48.21,0,0,0,0,0,0,0.24,0,1.04
a8f2c0a9c9014acc53aa72dc440d6558dc9da056708dc89eecef83864b603f8d994741b66884742911dc7ed001397b6d9144e70baef5090a2fc85f59aa5a7098,18.72,78.81,0.29,0,0,0,0,0,0,0,0,2.1799999999999997
278c65c33851b42f654fbdfc7fce2fedca2a1f115eb8fc563dfa0d46833586059212d5529514c9d296b79042363b30cf35cff35c35b71cc20291d762f9ac2354,0,68.79,0,0,12.15,0,0,0,0,0,0,19.06
6fa479b7032a6156341d482e957954ce961b20ccae795bd84db6eade2cccda07b149f2abc2b9c5163884a6c2c58834c9be5805b65c04a0233d11759f57cfdf95,0.17,74.13,0.32,0,0,0,0,24.0,0,0.18,0,1.19
367ccfb78e4dc7d76be0bb13199665f6ca1c83a8d8dac9c841e890438061d6e2af60b1f05ac703ef5ff2c0c7eefdadb15daa60a12a9b2f69939c7d359a4a85d0,0,0,0,0,0.61,0,0,0,0,0,0,99.38000000000001
fca1e5443ccb70d88481fa3d361da7f10ef9b7a85c302b397ced445540e6cbb55be4cd26bd4daa25ae7ba611d19106b585d9fff0ce3eb5f2735b22644e5e6ff6,0,0.43,3.67,17.64,1.59,33.56,3.47,3.51,2.23,13.44,0,20.49
8d91482c17b8b9689d23c225828d1dd1eefb2678ed4931fc085994dad8e3f467056ee86fc25fcc681b5cb8ea98aef2cd284b07a5788d62b62f91aabb0f3c2d70,0,82.85,0,0,0.03,0,0,0,0,0,0,17.119999999999997
96b3207e412a881a6d94fb41480baaebe6240a994a48ec7cd687f24557b1696d024a10079b0ef5f7342c52ef0fc705d7f619dd212383e7fa111f6d52c561477a,0,96.72,0,0,0.11,0,0,0,0,0,0,3.17
44b7f19e9519af8d68cb7c503bcb0308c4de5bf39e30542878b30ceaa81f6e815d458e7322d3aab6328ce4986e2c189b925bb0ae3062385fb3c2a41926031bd8,15.72,76.34,0.31,0,0.2,0,0,0,0,0.11,0,7.31
4ea14626f5b9d040c2112faf81c16ddeecfea4455ea3c189f9bcb4b28ed9b494a66299d4d3c42acf649becd2a08429d3494797c97acafd5f576733c4e9724388,0,82.01,15.32,0,0.39,0,0,0,0,0,0,2.28
16b774f1ba3a8cf46a0c2a4170abe1cae17b34945bdda4abb10872078a54e17af00c77e559166894e1520f1277c858c981da0741f5a27d712bc2e7051813af0b,0.35,8.25,0,0,0.06,0.38,0,0,89.6,0,0,1.3599999999999999
3b1e3151c4f9de34e02fcd01c3989a54ada0853e22d8357819d7c87b97762d1b801c4666cc21bd553c0b4653b009539827b87a7a1c8ebdf87ff8b4640eeca24b,0,96.43,0.23,0,0.39,0,0,0.1,0,0,0,2.85
387dba63cc6026218a9e8dd27d9e09afdd914cc55ff1fda82b61b81585ac9637174fbf891317b46a3d17b815d3d8361bba8cbe92c4b27be828868b32ce0084b4,0,47.41,13.0,0,0,0,0,0,0,0,0,39.57
5109782ab7c2d52084f2c44dfb0fd8e74262c620b21646441558c10e812aeff179fdf54d2dec51f345e27596d5e839b5bf2301b781553cea3964bba0e43ff8f3,0,0,93.18,0,0,0,0,0,0,0,0,6.819999999999999
eb4cf424a7b2e085b3068204de2f474343e6f11b22dfd3994d3d1af063fa0c5869adec6e186e6283de17b4cb0d53a29fb81792ce406196fd6ec0695b744aa329,0,0,0,0,0.1,0,0,0,99.64,0,0,0.27
f5254d0929ebecc927c35edc4f4a1bb731f0baa3fb499116e1d415c9d46ca6aa48e70fe5a88b7a78cedf6f77c75db497d98fe0a4f38c5af0782b7918d0722c6a,0,0,0,0,0,0,0,0,100.0,0,0,0
8ff6e5b0d9801f3fd3f1c363bab872b44b995b649068690d81e7d0a5ad4cd8e4833b468d75afaffa84bfd7496f63782339e60e3430e892a3f8a22cb67153636c,0,0,0,0,0,0,0,0,0,0,0,100.0
8abe61c5acd6d72218808dbe58a426066a5c449cccd8f36ea3267cb236bd9b2d958d8720f2e2742a47784c656c18503cef4d91a71a3581afb7a7c1938ac6561b,0,15.61,65.55,0,2.71,0,0,0,0,0,0,16.139999999999997
23ffeb8fc6243ccf5859afa5bbacf34d94716fbfd04898b5b14c87c315cd98ded3a8d38c0b3607097068fa06fadf1ccbc83ab60609d754c87e2d4c2d3552760a,0,0.1,97.11,0,0,0,0,0,0,0.53,0,2.2499999999999996
45276a5e65785f523da4c7885858bed846523312c9a8c90e05e88352b8f802fd3953df94e090af619a12b5d0dbd65beba40217ce796e0cdff20e48b05d22778f,0,94.41,0,0,0,0,0,0,0,0,0,5.59
0c0c142ba344f463d1c4d5603b99eb110f84659dcf94f06d426388b1087298b1dc7d26ed92cd05fc60200db349086b7a77e1a2d637d9be58f80bac923629a072,0,0.63,63.01,0,1.95,0,0,0,0,0.14,0,34.29
e5557400fdfb963c634dd6ee2e0c6aa630a52e919d7c68bc22ad7c5716b36f08d5efef8c7409f9579c1eed1254dff69b3eb352abfc4acdbb4c2f10e3c506c250,0,90.19,0.94,2.92,1.81,2.02,0,0,0,0,0,2.12
3c23b79062f4c6d8d8dec5087c142c1b1ed768e3875db8a0dd78ef55c27d59282c748bbd9a9ba320f00dbc5b5001b93fa1ac5b45bb83226eb8caadaa08cba5da,13.09,84.83,0,0,0,0,0,0,0,0,0,2.0700000000000003
a7bd1dd16f5e61652847b6e277fe223e49a3a6fcfb628bd241fb1baf503848e1380a0e6b00a7fcc6a2b4a9bdc3fca7dae638bbc0c4040128b305c5364f4c6651,0,91.01,0,0,0.42,0.15,0,0,0,0,0,8.43
40c9020401b482c438f7af204eeafb7faca88be1c5a64a11e6e3d4cf9c197dd46001e077e8b1564c4066e909c64dd4621d17b9e50fc63c8905a82f69bd36901a,0,3.83,85.42,0,2.74,1.93,0,0,0,0.58,0,5.499999999999999
6f3d9e7f430fb0429e9ca8eebb4f735af9acf74d23d2d86aba01cb3c22d32cdd47a308f97d34a226b3ceb40b75c370515a98f8f4b33b699d2ffa3e8f13bbad56,2.8,88.12,0.9,1.1,0.18,0,0,0,0,0,0,6.909999999999999
70b003557cbab5ef237f5c4f7c65613e23fde271f76981b6a48dad3cb3e1b4c3c603d264d8578d2fc9f37dbc467da22174aa45fd138202e62f737caf0c499ae7,0,0.0,96.25,0,1.89,0,0,0,0,0,0,1.86
baa38f04b5f61fa90b7c6cf37c1f646f3f7b548537677eb46c26a752068ad21319e6bc639171241b1397790782cde0e1ec96616207ae9be3f020646abf4694e8,0,84.92,3.42,0,0.06,0,0,0,0,0,0,11.610000000000001
7070c55a94b0092a2f507cb8f7620430106dfb36d286f223400787048970651f4023886ec670ee8c9552f34e470dc92aa2ec4700b8de120a6d4c72b2e2cad566,0,0,0,0,0,0,0,0,0,0,0,0
1461a44ff69e4269f440bf9ea4ebbec855634e1416bc7ce9dbf4939fee20fc231699853063433e3c4e64bb2d821b36fbc91653d9d1046b7d79d0666ebeb5fb8b,0,0.19,98.22,0,0.03,0,0,0,0,0,0,1.55
dc6b9c035f8c55976a49501065285673eeada61f0e9f22727d75d54cf6abe4dc8915175bcea4f1c875cf5dbe4ca2d76a2653624590557ebe51d0233e8d4642e7,0,0,99.86,0,0,0,0,0,0,0,0,0.14
9f682380f3c2dc35a111b699d1f3550f4673ed725fda7d480d08d6b15b80ed0b497af41d91794800975a5b67baaa0d3c9dcd97039bf8dbd307e20497fd2a1a9a,0,16.62,83.0,0,0.12,0,0,0,0,0,0,0.25
5a6a3df8641499c696c11c22be9fedd66af2950be422aa35ed695b49c27c37e10ce5958aa05cf3b8b6dc883d54a0ae171b71b5b81d020573c10ca1cf1dcf3dc7,0.04,43.62,29.05,0.01,0.36,0.02,0.0,0.0,0,0.0,0,26.86000000000001
29397ea7a7d593e967b427e4093b590babee9498317a77fd8d105e1b36e170795d7db0c1f89c834380062197ef33d1458fc578dc3cd5b2960768e7262e24db1b,0,86.23,0,0,0,0,0,0,0,0,0,13.769999999999998
ff28a398b02665ced068583ddd81710dca0f1f50352c7327b1cf694242097625ef550b584da8b814a69dc5de40f5807e0b5239166ca759719eae4c385e461eda,0,0,0,0,0,0,0,0,95.51,0,0,4.48
4bafea43b6523c6e5a8f24b0d9a5c1d82913c1b65a94d324222d9eb6ffee18478ff0423c03d005d614e6ddcada849eaa7f6a5aef876108f5d6c12da9a4194cc9,0,0.61,90.85,0,0,0,0,0,0,0,0,8.54
f692a45d14a342bdbc2ef01874ebf9b1c9537bca1c8211c8c63179ddff995ecc115f337325716020ffb9dceefb2f805694561cb2468d01f5b470dab3f39e9716,0,5.3,54.5,0,29.83,1.24,0,0,0.23,0.05,0,8.86
0ff3a3b38b8180290b8644af9ee7daa042e480320c742d8f8cfeb8edabe3077d07ac3cb4893123bf4ce425941a73f462636a55abc6693c051cf237c6cf4d79c7,0,96.01,0,0,0.12,0,0,0.02,0,0.09,0,3.77
0ca80018bc168c461e02c2a715c320311464fb14507781d1dfd294e93a159dee9aa5a19ba4dbd0125b1b783f837572a7dbf35767d93f08b930028d0779439e8f,1.59,0.46,93.99,0,0,0,0,0,0,0,0,3.95
56e16209f20e1c187086f51e36d698f0d226aacbbf7e28ec5beec745354993c3d30498d9604aa1115ab66b0a6792c14ac70e9e555a2fe5c59e1bf7e138e46d50,0,91.51,0,0,0,0,0,1.83,0,0,0,6.66
6676446ba81da94e2b1c29c1c0e09540e5c70f7660be68e3e7078720191fce1d3cc81b31dbca26ca0692582ae49a5a004860831159c0051d455bac1b23d76ae3,0,74.86,0,0,0,0,0,0,0,0,0,25.13
6ac49f7ed6332c5b37970411025c3d4dd15b4c3009dbad28a5fad463da6900f8b4d08d2a32ae4735c4aa869209e71004ba47aa12dc31893ad6f20b5e2271e5ee,0,0,0,0,0,100.0,0,0,0,0,0,0
bf68746f5d1d86c157c0880db010dbaaff2028e8d216236df9e286fce7f09a3147e733d74d277169f3b35ce2b9466dd1fe5fba1d0c6696ea6909fb3d5d1fe840,0,0.34,92.92,0,0.82,0,0.01,0,4.24,0.67,0,0.9900000000000001
9ea313350e3e8baddc825b340e7050c72d771d0b36680a265a3ccd0391571988ee2a121684eaadb00354b366057e0850b4a2622855b74060e7819691b21052ed,0,96.7,0.15,0,0,0,0,0,0,0,0,3.15
dcc129dde37fd9c116797898d4b7879a072d0a28a501d162ab91177c7f1c8d74953d8cd6b1ee3ce0c5081f05dc15bce70cb22d7bb9bad42f57b266cd2ecb4c5c,0,0,0,0,0,0,0,0,89.4,0,0,10.600000000000001
21ec6aca6ff73fdb07873e4d42433b4ac60881557a006f6906bb553d054d890c63e55a5983697ec76f30e47c4037646f1967c12d7044c0d3920fb5b11a6a1d61,0,1.06,96.07,0,0.01,0.94,0,0,0,0,0,1.9300000000000002
2e60c5848e77e6df97b734ed1fbfe7fe7ef1d4f379dc071b63b984c25d3981bdffd88c6a9ee6fa72d87c88255dccf9bc54afbf69451c907f61339a8a8be65e38,0,0.22,75.67,7.78,0,9.17,0,0,0,0,0,7.16
f4e35b11a7c55e19e2fa997b7988f1ad67496e0df5eca8e625e702fe32255eb6b0209e6639923f2c0e1c6d425b01477387a10f6a39a9e4b3af28ece5dc630d9e,0,0,0,0,99.44,0,0,0,0,0.56,0,0
b4fd8c068fb03c67e5e7dd4af5e6dd8d814d00848054fa5e5cae5fca826648cbf4f8ab2779af76b16467d02b04d527ce75374f9e2300280a9735d678e49a670f,0,0.11,89.78,0,3.99,0,0,0,1.28,0,0,4.8500000000000005
4a94c68a1e6f759fb35de3f57cc1bb0a1a88157ec3f13976d14fb14d68bc96a8909ecf746190f3a39948777cc11b8faa3ba08d4c2b3795f8e3a8c4cc68afc636,0,27.31,70.1,0,1.07,0,0,0,0,0,0,1.53
926b51ed819c71170e3e6385874b5a6bd8c1699edc22c53833fd99d486bcc58a1f7156062320251dd221e601117659dca120e9f1c346865846dedf55386f7e12,0.9,83.3,0,0,0,0,0,0,0,0,0,15.8
f4e14cfcd916c5f638dbed4ea9a7296e3c638666c8a7cb9a032c369a91891e60dcb9c90e656be1c9c7fd2b0bc57a25dfb8bb5f599bfba69d235cb8a553d2ace3,6.85,78.87,9.84,0,0.46,0,0,0,0,0,0,3.98
23bd5d87cb05f04df050f9623c9b5dc18fd869241c4a71657010e62a9f423b00bc42cc548a5c4109107bef06cfbc636636f425b0f7ed96d190ef875d4c25abfe,0,0.08,96.8,0,0.39,0,0,0,0,0,0,2.73
a340da518c9c3779eaafd13edf6892746bab9f9c19950bb8028ee46bb520a7d8f965fb5ec5a3ed86f748b042d57cb4f9df00a7707af4aea7616adb7fc213ffa2,0,34.74,63.06,0,0.43,0,0,0,0,0,0,1.7600000000000002
decde343e2f517b56e1e57ea003ad12c9dc0f226cba06bf8fad9be64260efae8ad781ca4e6c45b24ef7ebdf216de6a1b5fa5ded281a8d797a4befd29243194a6,0,0,0,0,0,0,0,0,0,0,0,0
daededbb85f4cf415a541878220b9db4dd3a1166dbba97f6e52589281711ec64ada3e5d73ad00ee12ac08e530295d8e346b03cdbd6f8e2836e02d13209f6622f,0,0,0,0,0,0,0,0,100.0,0,0,0
bcd75e37e1d5ba597d7aebd2e0ab428e1bb88642d36035aa5195d113975a93f79e499ba88db54b9fabbdab1be8bb021d6ba93f2705fd3fdfab934e1c2f14b210,0,99.1,0,0,0.75,0,0,0,0,0,0,0.15
53d3275629fe6eb4d20add83ee72fb8045fbd3d49f1b1f420b0a57d4f4ca46eea8906cf3e6b4126dff13b71517bd4d37d9e8283cf04fcb30095053bfa5149cea,0,31.6,34.71,0,16.99,0,6.82,0,6.03,0,0,3.85
f126061d7255e9c88c348ec9be9bfc627eff799c88bfe7b4fe688a0df4a52fca99b973031ffa6fe608c436f1825023a6faab12df09c02e82521c850aef46afcf,0,23.96,76.04,0,0,0,0,0,0,0,0,0
bb62e7c94f22c542a36e52fac06458663c000cd4231688e6bdc192407c2d7300c0616596f826b8a8fa44b389c2870c9688b15e9f47b99f31c4e93ad87c1ae03c,0,1.16,97.61,0,0,0,0,0,0,0,0,1.22
895c34a1263a08580499bda22bb7bb9aaafc7b2bbad099b722209e5f212bcfc15f94b7c27a4bc0d6f96b965233b1f6903bd5738dcbc573c9dc535004badd6178,0,0,0,0,0,0,0.09,0,94.41,0.13,0,5.369999999999999
eafe49a71a880672cd401e83485aa160234207a446a83ab3854932bf93ff9971d9cef6d152ad7d8743300c7748daa41f450991c50dda4f46d5ff3878a33c7f56,0,0,0,0,0,0,0,0,98.19,0,0,1.8
92772c70b806bac2ba0392d15481a54a4d14f2642abb8890fc4c99df46d16459df430003c40883c0d5f9dcdc12ac6c8f55747355e583abb5a584002561199b2a,0,0.04,54.93,0,0.08,0,0,0,0,0,0,44.940000000000005
5531563284a4d8a0177a00814392e58e504f3f8921667b868750ea97f9f33e143b16b85c2523c8df9e6b5f0c49c68424a873e666e6c4cd7241712e5ee6fb1697,0,0.4,93.53,0,2.69,0,0,0,0,0,0,3.38
6b759d1d2ca31f5de970eb9b04d77fc1299eb02fde8570a938d7a9de0735e0a3666f17c1a1be289d2d07bdc8944c1620dcc11c8415724fa418c4e25950a1e33b,0.12,83.45,5.91,4.39,1.65,0.11,0,0,0,0.03,0,4.329999999999999
ff24ab422d0fef04d741286f20747a308f6bd8d54f78ee45cbdc5288dc291a7ad305423afd91657d8f988a37c4f4990168f6a3317b8196a6ca2704b28ae23782,0,10.7,54.54,0,31.27,0,0,0,0,0,0,3.4800000000000004
736ab911c85c9b6c19650955f8b7a5e8312fee254a1b5b0c24ea98c60a790cf5629db0d30db275827fb858695a8b6198db89f7f9a1f70a9ae82c7a3237543071,0,99.31,0.06,0,0,0,0,0,0,0,0,0.62
b148ca840ec509e7a27dbf7c6d8b3052b60f1a9f8a0b77daacef6edd7e58012ab726e4d5f87a995cccb7c9faaba74915ce1238d4ccdd0c4d579d82a195c6564f,0,0.6,62.19,0.01,23.76,0.58,0.0,0,1.13,0.0,0,11.72
d81283dc1c85fb96a5f7e0c7dee5a4e71bd775b0f955a2ba7ab403ea4a66a55a3c0a7a920b4b6b2d50647b3c8d767084a938f81e139d08bf7392b0f6209792ee,0,92.59,0,0,0,0,0,0,0,0,0,7.41
5e1c5d645c513f06d4feec56c62c94c6f5570beb368f3798e68ff3bdcdba9c06e6f59a6cbd75b53d459875676887f831bbc04db0d2070215f1c92b9d6753c839,0,0,94.0,0,0,0,0,0,0,0,0,6.01
5a1aa41ed747aa0302349b54a9c69079366be0f769309fe898ba6c1e493c537af0c2762b15ec62a72fb049c212bea82791f12740f83434088f40e6854852944c,0,0,95.71,0,0.23,0,0,0,0,0,0,4.05
47a33aadd1170fba9a4f490b56eec490852e65e29e34c8f821b4b2009f5b3d5caf3eb7b63e38aa87ad77e935ab7c8f02c4c026a8ed880476afb3ee4a72b9832b,30.04,53.34,0.46,0,0,4.0,0,0,0,0.01,0,12.149999999999999
7769388e8bc743604b5042050bdda5ffeec0f31315249185095a33bb19f74581835c74bacdd133c15875724b5e35b5e1d63e487c7e61e0b6012d557c528cd15c,1.21,2.69,51.66,2.36,6.39,13.09,3.47,0,6.66,0.31,0,12.15
1d7b5d55e67886a66fb62c8361f66069c579baf54b1bf77e5d76cabaa222d5177aaeab199f4897106a31b138a8eaa2cf56b5ec6f5b94ea6b1f059d7a5a74f92f,0,87.71,0,0,1.8,0,0,0,0,0,0,10.489999999999998
175fb8603a7d8daafbf949f02785499a4b41617f779b819016609d5ad627400a02fb4878639dc04a1c454cdb8ba00bd506758f44df90700f1929daf547bbcaf4,0,0,0,0,0,0,0,0,71.06,2.23,0,26.689999999999998
4d65f926dd5cc8c90bb68adb0af5d91a36c770188ac049f8314e97b18eb67b72b789485e7bf805ba5b82c0298b7aad9898f8ae1f20c90c6fdcedc4093afc0eff,0,0,0,0,99.84,0,0,0,0,0,0,0.16
bb377874206313890fd6beeecfcd439a6db80629848148bad38aefa222f231977876b37b64bb6f810711b6bd94684fe9e9ba11e7a327c9976d7e4b43fa2c2845,0,0,79.09,0,0.11,0,0,0,0,19.09,0,1.7300000000000002
4cb1cdeeaa03762103fcd83c5e8a5a3204197087b8f43eff7cdfdac940e34a6396fac2c2f5508c91f12eaca0b7e5fe1a4b437a6b1f9030c6086218dc4ac7706d,0,0,0,0,0,0,0,0,99.27,0,0,0.7300000000000001
053d9df0a325677dccb2958c772ab15f567e85aa2eed10090fa6cf5318a06dee39a89a2c8fca7c893350111cac3e6da06c5d7d139aef27441ee5da1271cd4123,0,79.01,0.02,0,1.29,0,0,0,0,0,0,19.660000000000004
d6729852f2d9c84c5404f6f908fa1b563be7828372194b9461add0059c7f19804afef2d13f78dfff70616651dc7bf5b3a3fe3187f852a6ccf49d39cce2c0fdf9,0,0.08,0,0,81.44,0,0,0,0,0,0,18.48
33acdcaaf7255cf7213faa4c42d91696fc0ab86a7178532c7b0daf341c37ef6a57387859b1e5af7f973fb636800bde1f7cbf48164fd658519d8a18bc93ebc629,0,0,97.73,0,0.49,0,0,0,0,0,0,1.78
9caedc27c00a42ac778ebb2eabde1760378fa131efa6c17890621672590daef32f33ca41d6bb9c6ff2a45ffeb9d50e8456b092706b32d5a1ff2698782eb20c53,0,99.63,0,0,0.27,0,0,0,0,0,0,0.1
f0f4ff87853d2a1bfc9b267895eeb6c160cc052aa2abe94027efb6476bceb79ece3e70f0e44869f4f614a39b802bec7511d5081442e2c6b83ca088aeb979b9d0,0,51.28,2.89,18.58,3.2,13.74,0,0,0.47,8.21,0,1.62
16291118ceb81901e2ca18000fd919003a846a865a0138f120ab04f9d3c2a1c9cc279052c6ee6fd56aefeb47c9582d73e5dd9a71893491d7d7b3c4a334d85e6c,0,0,98.25,0,0.46,0,0,0,0,0,0,1.3
518a9107c43993279cee94696aebb4750a0b17a879df8e2259765997042c2fc5838cfaa51d66852dfcc638d02e5b7d87c718d08691cd33bc7b4895e7ed207f68,0,92.76,0.31,0.02,0.09,0,0,0,0,0.1,0,6.7299999999999995
cf98b9cd38bfa3185a636e94b8499029cb624cec8dc05829ba33c6e144b6b9228c07c86211768ee51d0a0c8f24c6aa50c2583a93f9e3ab2205329a803539309c,0,0,86.48,0,0.14,0,0,0,0,11.49,0,1.8900000000000001
4165408b58f91183ec9edc4fb376a64e13d94e38f588fc4d296c47d77e50b3cbab32d53a50836454008d0830f805def8019928bcfba3f70d0c9226becea28211,0,6.15,92.56,0,0,0,0,0,0,0,0,1.28
06e4b859b7f7858349d1b05652b1a00cb4088396680ba193236c1d886fb0fd6b92792bad842718bbd53f4764a3f917ee85ddefc721f2d153590c9f330dc04159,0,0,0,0,0,0,0,0,0,0,0,100.0
a00cc08ca96755f93855a42bc5a68eaa9af2e006c4e6750266418babe2940fa0172fdf5949f4e7e93e51bd917da3a6fecb22f0512a6376ddbfe8adac1847d6a0,0,5.08,94.92,0,0,0,0,0,0,0,0,0
2825f3a42bae94378614adcb9a404cf11ca1c61e18b2453572aeb0cbb4905dbc1e7f3b18312d298b17b0758c2adb7cf12c205cf20138db6ee5c857083987af09,0,84.6,11.91,0,0,0,0,0,0,0,0,3.5
5ccbd9f4e39d5fce4af87b8053b055f80769eeab424bfb482e1ad2cb53bc013157656adcf960ff8fd6fad0e15ebe740980dc8536d005a563fc8f98cd85b8caa4,0,77.13,0.37,0,20.31,0,0,0,0,0,0,2.1799999999999997
6a1a85b98dd66ef63b4c79e53a0a1b62c3b07fa3c77cc96d49bbb32b50784e4b06a2b2875eff3d76acc795ed1f0d43a42fd4fc1951a303d6a518c494955667a7,2.44,45.94,25.24,0,0.51,0,0,0,12.63,0,0,13.24
e7fdc7c20188f0c83a18e1da471ea18e68803e08ac3be944860b30139b24664014195e64513aea8c2e6fd6f9003a4d55aa22dd7b48b93aa9c6cd75f49d93977c,0,68.25,0,4.7,0.01,18.42,0,1.17,0,0,0,7.430000000000001
72eb9535f409c39f727ac9fb812fb5bfc8e85c4aa41dd596f1169d417c733395c4a8abe7b8bf2208602619d46d5d44b3b204a1deddc7b8003c232e88fec61fa5,1.29,94.25,0,0.04,0.13,0,0,0.01,0,0,0,4.289999999999999
1459482a6b795ff261f52b5348d146bef5ae98576df384f22bb806ce2634906164b444077268caae75d6e3fa61890897c99d726a6bd915fd6cdced3de17b8e78,0,92.52,1.12,0,0,0,0,0,0,0,0,6.36
7a6863f718246357b37621c1bc1ae016ffd498fd25a9dd6937aead4a5f003ff56fe638cd9ad5588ac19888370759abaf2ef40aa31fed0544873b50a46960f106,0,80.46,0,0,0.19,0,0,0,0,13.64,0,5.71
e4b3162be33b7675b0cf35f3d14ff0d36c03a44d518c1f2333056dc66f89537776460951893f4267427ba33820f1a459cd542cb5e98192c461129b1d7e8814fe,0,83.51,0.98,0,0,0,0,0,0,0,0,15.509999999999998
eaaeb76d6de748f114c9bdf7611cc94d1ceea111dd4c6360cd89cab7c7d239d104c2afdd1fe616e3d28d8031ced3113e46a7f4cae92cd6d56ded8b54afe97299,0,65.81,11.1,0,0,0,0,0,0,0,0,23.1
fe9c8652209351f538a7844dcf045af3a0559df13832b1b7be69218246e94205d43dd7cf131af7be3cb96a5b670f0d858fc5aaffe654b14dbca9225a5d702426,0,6.06,84.23,0,0,0,0,0,3.18,0.63,0,5.9
beaa54258a1b9231aa321e5311f906178c2b53bf41baf39d400e835b0108f3f679325fb90be42124008283df352a4affd27071f309195ee249043bbf808155ad,0,0,0,0,0,0,0,0,0,0,0,0
55a866826a60c214ad7a9f064b57efd4887ff39f9d797f98563ce0dc3cc68cb167c681cc9a971267d7478d3df4acf0203bfcb2373bbf7af8099a018122f57d8e,73.66,14.73,1.16,0,0.66,0.07,0,0,5.32,0.04,0,4.340000000000001
4bd3e559bd3f26e19118fb34970282bc266c36059222e177d89346cb79082aa165f8bbd58dbc70c8f9dc55ea6c9ac16b65dd6d1b91d40462ac39bc73415ef300,0,94.21,0,0,0.12,0,0,0,0,0,0,5.65
dc7bddfd47ca6ae02eb07a57f0d2c75e2bc3bc9480d1ebe7f059b2747722d297a7f9425653f3952d384944d38524b80857e22e7c3485dc79b00cbe5128ef171e,0,0,0,0,0,0,0,0,98.68,0,0,1.3199999999999998
bfc6ce0019f68468ad8313db1b1476926c7dbc6665c8fb1342cda1668afbe52ab6e7180ab1ab468a2f38ba6a23ac7a9d1c477e265780f7a7129277dcf8732cea,0,81.48,0.14,0,7.9,0,0,0,0,0,0,10.47
3d6553a8c5a094d35793c677f5aa42a47d50c3bfdd988a48ffbf013040b96bb4ff6bd0cde95641bcb114c0c1494d160044dd35993822354946c0d0456f81ebf2,0,12.81,66.94,0.2,14.75,0.84,0,0,0,0,0,4.479999999999999
7ccf2e08a2fd334b16b553bcf169eb075416b0c945c27ee93b55fa3fc837ede7aee89e4324d71dbe9b761852636fdb0fe73e3022d40cb090cf4b4a0d1c3859cb,0,0,0,0,76.49,0,0,0,0,0,0,23.510000000000005
cd60e1c3bb8ec3c8db675357778659609b1aaaa01290f72e346b23e6327cd5de797df11aec9c6d01b59bd4c516c676a9b64eee451f25fe7058c1152bee0a998a,0,0,0,0,0,0,0,0,0,0,0,0
2a0c80bfb448ca6cbaf81605ab2bf34f7918551fa961e7bbc59aaff33b9a05f1776d450d843d88c7c91e2f202ff3a4eedcf72ac6d8e04cf4db23d254d4181dd0,0,85.62,0,0,0.14,0,0,0,0,0,0,14.25
99f063e03b32f3ceeaebc4a5d5cd65bace65314646d90670cab968a42447e21b0b4edd08e12b10d8a1e129d133c4c18ccacf0c3e48d9c16b8ee467e0fd1cfc4e,0,2.27,84.95,0,9.8,0,0,0,0,0,0,2.98
431c2b18cce2a940701c51d1f7f2d75f0afc2ff0729b0f105abe68424b904abec1547195496e4d974dc5dc575aabbc324267ecf7f9da09bfe629ca1af5ff51fb,0,2.48,31.2,0,4.65,0.49,0,0,0,0,0,61.169999999999995
a657055087913e4f9202308f913e0dc4f7ebc22830e92845b3168ae24a6108c9abe810fbd58f2c7a1a442554135cdf5cfa8f46b181058d663e68705bffbebf26,0,76.54,0.04,0,0.42,0,0,0,0,0,0,23.02
1eb52db115804d1306c2850cbc518d8413e25128e7ef8be3e96a0326c2abadf0bf6af00fbf6c42233431e08d24883055fa33d265c4a63393e0d35640cdb8b865,0,0,0,0,0,0,0,0,95.82,0,0,4.18
b39a80b35102ca8d4fd45dcec161b80d3dac2cf4f9fc7b839699ab13fd3d61af10b3dc7202e5fc7bfc57c034aab8aab4a1260c6625c5b2aff04acae76372f670,0,90.0,0.84,0,0,0,0,0,0,0,0,9.150000000000002
f20e2ba01e8f7f6292b54750922e4acd9f1d5673a12affa735cf5b3eeccfcab5821428fe1ed315c9af68d75a34d3f2a1e8e4a13e854404500e44a06a4e478487,0,57.63,0.57,0,0,0,0,0,0,0,0,41.809999999999995
3301e7b209f09a425d92c58c5e23537b65233eb8621d14f851d5551c17073a05fa34855405cc572a035e25b8cfef102b60e04deb0e79279ce483ef0b45f130f1,0,0,0,0,0,0,0,0,97.23,0.0,0,2.77
1d0fbc5e70de65b283ac2d56833f9c4763170b6f24fd28a1be4bf0a068490c36243cb977d5ced13a00f967948d3144f98d8daafae599e9d9abbef60a2e796bcb,0,0,0,0,0,0,0,0,0,0,0,0
e6db8026d6d45cb4e10f51c9872a2d4bd8685e9c1b393bbd6827b6876cebc1697951a07bfb4cdcf1c92bda5411a24ce06f88d7e15fafd2ced2a707328ef878cd,0,0,0.01,0.03,0.13,0.03,0,0,0.02,2.91,0,96.88
6df42b7a242cd24f65b43e1d5a2d7737dc0cffbde5c279bd6b83e95c853e7014982ef78be694c5b09dafeb516e9363b3c53597305aebff2f3bd3db09f094f0c7,0,98.25,0,0,0.26,0,0,0,0,0,0,1.49
faa9a86c5772addda9edaf502e0abb8d515fb6617bf83d98922ce46b4847b5cd0f5399186613f18c62b932a2cd82615c1efee006154c4ecde4824df909d5401d,0,85.35,0.89,0,3.74,0,0,0,0,0,0,10.020000000000001
253df6140492ef4f52ec5258e3772df25f0c4f43b3d790b83559dc7f041c503df8c77697bda1f49037138fcaa49e316c4682256d3083c64140b29585daa80c5d,0,80.73,1.42,0,0,0,0,0,0,0,0,17.85
6d261fa9168d3e2d24b3510b8fac2965ed076f7fde0efd211573a206a1679cd810ee4de19f73f51e574540682beb8e49411235aa1f245c99708d0609831eec46,0,16.2,72.96,0,9.25,0,0,0,0,0,0,1.59
07fe4e37bfaf9f6a476ccb2f426398b4982c5ecb664ce8bdd6e4805d24f0108b8ffbe14c2ea4fb226ca9824c1f6c9fd3c452d00c5cb388672ed04c38eddcf397,0,14.75,42.96,0,0.41,39.31,0,0,0,0,0,2.56
b49a47fe18a3ce5c4f63a02c582b0cbc61e05428058afc8dc8bc3646d6048a2a14e6a9fe604214fcd6f2a792f914aa73da6435227d147e2875618c03e427b80a,0,0,0,0,0,0,0,0,0,0,0,100.0
dea27eab7bf742b80464b4149a26cdf9750018753c0ff2a653038baa86904da45af226c12b4430d348fc005ded6d2d67d49f854b4522d06751bb9f896562c77d,0,60.83,8.95,0,1.18,0,0,0,0.06,0,0,28.98
1f6c45f923017a55367a1341503c38e11ab4ea545122bda7f2d7b265c7feb0b6b5ccfdff5abe9d39e6140723c963507ee81be7b003cc1ee1f2c0ba3810be8dd9,0,0,0,0,0,0,0,0,0,0,0,0
db179a1378bb226354190aeda077cdec88bcf4c418196c2678c00d43ab8964cb042c08eae7bfc8747c1692668fe7de977bf70241c73ed6b1056d99480da60141,0,64.13,0,0,0,0,35.83,0,0,0,0,0.04
78d4ef1796cda968b58aeabefeb55e3bcd511976ed5d9c9ddec210f53e64108d19642dfd783d7a28d1d3ff61f2f107fb0c2de7d281eba6527c263a281bbeb871,0,89.07,0,0,0,0,0,0,0,0,0,10.940000000000001
62b79623043af3d28f123e070748bcb3197ffc9a43b6d9169b97bdfa4baac894a0dd6c62177ea89f381cd833a2210744f862f4cfd2c90b922da1e84011d3da36,0,98.79,0,0,0,0,0,0,0,0,0,1.2000000000000002
f62a11ab379cb2435d59d574b3439c13c42a000e4c8cb19917b852a96672a9df281485774986f3252e7be0025c0fd786c200c2a19a9dd512069e523ed973b013,0,92.16,0,0,0,0,0,0,0,7.31,0,0.54
68059e2bd68308069a64e49fa6be802f0d20466efe13220fe08a32de808c843a414d778f10de3db9b39b5cdfc7ab01745bf5747809ca9a473f31eec2a2156536,0,0.07,99.81,0,0,0,0,0,0,0,0,0.11
1d0b3b719abdd469e418a5199ee3b7967155d7acdcb6f9155a250f8ccbbedae3a56272c1675b76254c385047515dfd45dae0c8e8daac822e5a6b8764ad645d67,0,92.44,0,0,2.12,0,0,0,0,0,0,5.44
99b316056c2fe514f55adb7d8b7446a09bdefda84a5e0bc1e7a0fc20ca175d67b3ec23513f57b7c70f938f6ad034c766079b5d708a991998dace418ef780657f,0,22.01,70.48,0,1.31,0.03,0,0,1.54,2.32,0,2.32
28e7a95a8dfab63c7a02639f8403f58bd770df27c8e69a5154c25c084daa44da0702d6a709be2b736ad2afe3bbe243dcf2c3b93fbc90aa51ac61593d482ee499,0,0,0,0,0,0,0,0,99.06,0,0,0.95
7afb92bab400dd01a71b65a74ce0aaf13cf83af2b5eb229440ce01df20cd1343b0913b786c187a8d80910f39086ed450ddc14181d167e285d3519597973755f1,0,96.39,0,0,0.05,0,0,0,0,0,0,3.5700000000000003
e817c6bfef7154ecd52d65c530c823951a96ead2abc0cedc7923cc19a9f109ec9b824390cc023056298361892449166f46afb526c2d45f5fb986ded1a4ddce25,0,0,0,0,0,99.28,0,0,0,0,0,0.72
307898c36307280fc86111a2250200907e1ae4adb70468f4b36e6edec9a6f0a7b25d716d082d05aec65039d32ad828a6cb6996f7e26e4d9f168dca8b0677961b,0,0,27.56,0,6.8,0,0,0,56.62,0.47,0,8.53
12bdf314e794615aa1337e7cf80fa984ce2e9d3273db1637665aa58c44262821c8c828be17212d601cd54dd52f39997dd5558715b1b6b41d3606f94701f0e060,0.76,0.12,18.98,0,0.03,0,0.01,0,76.29,0.0,0,3.81
5adbe381ce19011869f0506b991f867d5477ff8731d4a2b9be846b7bb19716121223e6c60e25035593d4dbbe1d0a52af0e0452fc2660944b53911f2eb6a05b51,0,0.91,78.31,0,13.28,0,0,0,0,0,0,7.49
ea9cc6bcb3754addcfa82180c32b34f44391788c65b45266eb209c7e3d3dc40136288240f7438c73acbae37dcb253ca448daa87858e509e12b5355ae7c7ce13a,0,70.3,28.76,0,0,0,0,0,0,0,0,0.9500000000000002
63b69bdc8dc2437b5d83a2ae20976315fb51b25ad8789e0afab160e3f459e6935d7c322c63e93fb7490a21a81c72efe746f2ca486a9717b626da361db70ae164,0,97.26,0,0,0,0,0,0,0,0,0,2.74
4d852410d413c67ff5caa80de194fa2bbf34bcd3ad23e85ee88eba68b0b9f78e21f8037b4bdd27bea8c59438824cd0338414cf5928fc132a56bee3dc4d5a8ba6,0,91.11,0,0,4.79,0,0,0.11,0,0.01,0,3.9799999999999995
ef88de0d0bac9f3bef90b5c147f38c27bc0749a6869e54125cdd1dfe7ad6a2f7fc1a3cd1e136787f1388ac85ad406f4da9d574a0e0415a77f82075a5c4d93618,0,0.05,94.63,0,0,0,0,0,0,0,0,5.33
e50c1bf30eec628fa4ac49cfed8bbb736e816bc7ce8899451ff07bc8dbf5698631a9beb99c3aeffbd88290cdbe890a4b7c54aa2fb31444de041e4fbeefea728d,0,27.21,0,0,1.13,0,0,0,0,0.38,0,71.28000000000002
b1ea232f1539fd2a465369f19ce925d3ec824c390445503fc827c4cf7e20565765774d4d6058b59555692f5b1a51f3b55c752f85c0faad2f68dcb0350bea93b2,0,0.4,76.72,0,6.34,0.1,0,0,0,0.92,0,15.52
538e4a11d906aa1c95823b811285d4b1fd7fe976ec452592137ee7e33e93c8a2f4194cf748c4695877c4fe499a9e91c99366b9b79a064c416ea59a9793aace1b,0,0,0,0,0,99.18,0,0,0,0,0,0.8200000000000001
d8ab201d8b9ee251484c0277f48c46457d08af7192de537d4dd77d3cb2550340eeb6e388c1566bd935c6efd608025555dfb73fa682aa9ba78c0eadb75fc059e0,0.08,26.17,64.64,0,1.48,0,0,0,0,0,0,7.62
9eb0327c6fc863cfdefb1bec8110643b736766edeea69253b76efe956907227f53377db852c169fe48bfbcf53197dff4a8ad4dac79fe54d1d76d54f77d2a25ca,0,87.79,0,0,0.3,0,0,0,0,0,0,11.91
850e2adb7e8cd0462e76a83ba09495f7d63994d9d8651e63c22f17eb5874e271eb5aca8177f4574680f0bea047d4893e24f0b60235e606fe59954008415636c5,0,94.92,0.61,0,0.0,0,0,0,0,0,0,4.47
24023bdf297e2bb1ab68868c28f725c4f64ef25ec9bb808e90e89cc963b9b0f041f3124982a91349e5ef779e0a782adf720a603b8b225df1c484f4c39c1d556f,0,0,0,0,0.18,0,0.65,0,0,0,0,99.17000000000002
2ba152d5ad74169b7dda9050bb08ddb3ad744ca190335a328384c094b94db6a2d21b32886dd156aadb9ead447df513b371ecbb6138e47b397231fd04ac3f4a38,0,82.9,0.34,0,4.59,0,0.0,0,0.02,0,0,12.15
52071f0bfeda810b403528983668b7487d8ab0f09bf745dd3814b6f7dc7c63b60c1f925e5b46d4d1e87fb5c02d1d9e24a803a3b9c8a0537ea1f121ef32c40fe1,0,92.9,0,0,0,0,0,0,0,1.44,0,5.659999999999999
